book_id,publisher_id
0,0
1,0
2,2
3,0
4,2
5,3
6,2
7,4
8,5
9,6
10,7
11,8
12,9
13,9
14,9
15,9
16,9
17,10
18,10
19,10
20,10
21,11
22,12
23,12
24,12
25,12
26,12
27,13
28,14
29,15
30,16
31,17
32,18
33,19
34,20
35,21
36,22
37,23
38,24
39,25
40,26
41,27
42,28
43,29
44,30
45,31
46,30
47,30
48,30
49,30
50,30
51,30
52,30
53,32
54,33
55,34
56,35
57,36
58,37
59,38
60,39
61,40
62,41
63,42
64,35
65,43
66,43
67,43
68,44
69,45
70,46
71,43
72,12
73,11
74,47
75,48
76,49
77,50
78,10
79,49
80,51
81,49
82,49
83,49
84,49
85,52
86,53
87,53
88,52
89,54
90,55
91,56
92,57
93,58
94,59
95,60
96,61
97,62
98,56
99,33
100,63
101,64
102,65
103,66
104,67
105,15
106,68
107,69
108,71
109,72
110,73
111,74
112,75
113,44
114,76
115,76
116,76
117,33
118,78
119,79
120,80
121,81
122,82
123,82
124,82
125,82
126,82
127,83
128,54
129,84
130,85
131,18
132,86
133,87
134,88
135,56
136,89
137,53
138,89
139,38
140,90
141,91
142,92
143,4
144,93
145,94
146,95
147,96
148,97
149,98
150,99
151,100
152,101
153,43
154,100
155,44
156,102
157,100
158,100
159,11
160,72
161,103
162,104
163,105
164,91
165,106
166,64
167,107
168,56
169,108
170,64
171,56
172,33
173,109
174,110
175,68
176,56
177,78
178,54
179,56
180,111
181,54
182,112
183,31
184,113
185,33
186,31
187,113
188,114
189,30
190,54
191,56
192,56
193,115
194,116
195,117
196,56
197,56
198,118
199,56
200,83
201,119
202,120
203,121
204,62
205,122
206,11
207,123
208,124
209,53
210,125
211,126
212,127
213,13
214,57
215,128
216,129
217,130
218,117
219,131
220,11
221,132
222,132
223,133
224,64
225,64
226,134
227,135
228,136
229,10
230,137
231,138
232,139
233,140
234,59
235,141
236,142
237,143
238,55
239,144
240,55
241,55
242,144
243,145
244,16
245,146
246,147
247,148
248,31
249,149
250,150
251,151
252,113
253,152
254,110
255,153
256,154
257,154
258,33
259,153
260,155
261,156
262,157
263,158
264,159
265,158
266,160
267,161
268,162
269,10
270,163
271,164
272,10
273,165
274,165
275,135
276,166
277,167
278,167
279,168
280,168
281,168
282,169
283,170
284,171
285,172
286,172
287,172
288,172
289,172
290,130
291,172
292,146
293,173
294,56
295,174
296,80
297,72
298,155
299,175
300,33
301,176
302,33
303,102
304,177
305,62
306,178
307,102
308,179
309,180
310,181
311,9
312,182
313,102
314,183
315,184
316,185
317,186
318,187
319,188
320,13
321,189
322,11
323,190
324,191
325,9
326,122
327,56
328,192
329,193
330,194
331,68
332,56
333,129
334,195
335,33
336,11
337,196
338,197
339,198
340,199
341,49
342,200
343,96
344,201
345,56
346,136
347,202
348,203
349,203
350,203
351,203
352,204
353,204
354,74
355,205
356,27
357,206
358,207
359,209
360,56
361,210
362,211
363,10
364,212
365,121
366,213
367,214
368,215
369,27
370,26
371,216
372,134
373,217
374,123
375,218
376,219
377,134
378,164
379,220
380,221
381,134
382,134
383,222
384,223
385,224
386,54
387,151
388,54
389,225
390,226
391,227
392,228
393,227
394,54
395,56
396,54
397,225
398,140
399,54
400,229
401,230
402,192
403,54
404,227
405,30
406,54
407,54
408,139
409,227
410,54
411,30
412,68
413,54
414,139
415,231
416,232
417,233
418,140
419,234
420,235
421,236
422,62
423,237
424,170
425,170
426,170
427,170
428,170
429,170
430,68
431,56
432,57
433,57
434,238
435,232
436,227
437,232
438,227
439,105
440,232
441,239
442,192
443,192
444,192
445,240
446,241
447,192
448,192
449,56
450,242
451,62
452,54
453,151
454,243
455,59
456,123
457,140
458,242
459,151
460,242
461,151
462,244
463,57
464,242
465,242
466,244
467,192
468,192
469,192
470,151
471,54
472,227
473,56
474,30
475,245
476,192
477,62
478,114
479,245
480,59
481,246
482,192
484,247
485,160
486,56
487,227
488,149
489,107
491,248
492,249
493,62
494,122
495,141
496,34
497,241
498,245
499,227
500,54
501,250
502,151
503,242
504,56
505,252
506,232
507,57
508,140
509,55
510,151
511,227
512,54
513,62
514,33
515,253
516,254
517,64
518,56
519,255
520,256
521,256
522,257
523,256
524,256
525,258
526,258
527,259
528,260
529,129
530,260
531,261
532,262
533,264
534,56
535,151
536,260
537,265
538,266
539,267
540,107
541,123
542,268
543,268
544,269
545,232
546,261
547,232
548,232
549,269
550,268
551,104
552,140
553,151
554,213
555,270
556,192
557,62
558,62
559,62
560,271
561,272
562,122
563,122
564,273
565,274
566,210
567,48
568,122
569,275
570,276
571,2
572,277
573,278
574,279
575,280
576,107
577,107
578,281
579,140
580,56
581,59
582,84
583,210
584,282
585,210
586,283
587,284
588,285
589,286
590,2
591,139
592,79
593,287
594,4
595,288
596,289
597,122
598,58
599,290
600,84
601,114
602,122
603,291
604,236
605,283
606,55
607,292
608,235
609,54
610,168
611,130
612,125
613,293
614,294
615,295
616,44
617,44
618,44
619,243
620,296
621,297
622,62
623,225
624,151
625,244
626,288
627,288
628,114
629,76
630,76
631,76
632,76
633,146
634,298
635,172
636,299
637,300
638,122
639,107
640,301
641,168
642,302
643,301
644,166
645,166
646,134
647,134
648,303
649,168
650,123
651,161
652,104
653,304
654,305
655,111
656,247
657,144
658,142
659,306
660,10
661,9
662,78
663,117
664,307
665,48
666,308
667,4
668,309
669,4
670,151
671,140
672,310
673,311
674,57
675,33
676,312
677,140
678,54
679,54
680,192
681,78
682,91
683,313
684,314
685,54
686,123
687,56
688,145
689,199
690,107
691,64
692,64
693,315
694,318
695,319
696,122
697,122
698,320
699,320
700,321
701,322
702,122
703,33
704,283
705,11
706,323
707,33
708,7
709,64
710,324
711,325
712,64
713,288
714,288
715,288
716,59
717,326
718,327
719,328
720,329
721,160
722,160
723,330
724,160
725,12
726,331
727,235
728,331
729,140
730,34
731,254
732,122
733,91
734,332
735,122
736,142
737,333
738,334
739,335
740,336
741,337
742,84
743,34
744,151
745,338
746,151
747,339
748,340
749,341
750,276
752,283
753,342
754,244
755,232
756,105
757,281
758,122
759,343
760,287
761,344
762,283
763,54
764,114
765,345
766,9
767,160
768,252
769,160
770,160
771,160
772,160
773,160
774,346
775,334
776,334
777,334
778,160
779,347
780,348
781,349
782,350
783,56
784,56
785,112
786,351
787,33
788,56
789,352
790,151
791,353
792,111
793,354
794,215
795,56
796,229
797,355
798,110
799,356
800,27
801,357
802,59
803,122
804,358
805,140
806,288
807,288
808,288
809,54
810,140
811,54
812,359
813,151
814,54
815,360
816,361
817,56
818,56
819,362
820,160
821,33
822,166
823,363
824,364
825,365
826,366
827,367
828,368
829,68
830,34
831,319
832,68
833,18
834,18
835,369
836,370
837,160
838,68
839,371
840,372
841,373
842,374
843,375
844,376
845,377
846,170
847,62
848,181
849,246
850,54
851,378
852,151
853,379
854,380
855,71
856,381
857,382
858,383
859,384
860,298
861,385
862,143
863,56
864,56
865,386
866,387
867,172
868,172
869,172
870,172
871,172
872,388
873,389
874,389
875,390
876,113
877,391
878,366
879,107
880,392
881,389
882,393
883,394
884,394
885,394
886,322
887,160
888,47
889,283
890,54
891,229
892,395
893,396
894,59
895,261
896,397
897,288
898,54
899,59
900,398
901,123
902,59
903,261
904,241
905,68
906,288
907,68
908,399
909,102
910,400
911,55
912,79
913,54
914,56
915,401
916,402
917,168
918,403
919,404
920,168
921,168
922,168
923,405
924,406
925,407
926,408
927,160
928,160
929,30
930,30
931,409
932,410
933,30
934,32
935,411
936,296
937,55
938,83
939,54
940,59
941,123
942,160
943,56
944,195
945,412
946,413
947,2
948,2
949,161
950,414
951,415
952,416
953,417
954,416
955,415
956,415
957,296
958,364
959,59
960,418
961,419
962,296
963,420
964,421
965,37
966,422
967,423
968,64
969,315
970,424
971,27
972,424
973,68
974,424
975,425
976,426
977,427
978,428
979,429
980,283
981,430
982,56
983,146
984,11
985,56
986,429
987,431
988,72
989,54
990,432
991,304
992,33
993,160
994,68
995,27
996,433
997,434
998,161
999,161
1000,91
1001,435
1002,102
1003,102
1004,436
1005,161
1006,161
1007,57
1008,437
1009,33
1010,438
1011,439
1012,9
1013,9
1014,440
1015,160
1016,56
1017,324
1018,324
1019,324
1020,324
1021,441
1022,442
1023,222
1024,324
1025,324
1026,56
1027,222
1029,281
1030,328
1031,89
1032,443
1033,444
1034,445
1035,446
1036,446
1037,394
1038,96
1039,172
1040,169
1041,172
1042,447
1043,448
1044,9
1045,449
1046,450
1047,451
1048,452
1049,151
1050,453
1051,454
1052,455
1053,456
1054,455
1055,241
1056,105
1057,105
1058,49
1059,457
1060,458
1061,311
1062,459
1063,4
1064,460
1065,145
1066,199
1067,11
1068,461
1069,462
1070,171
1071,11
1072,160
1073,117
1074,463
1075,33
1076,149
1077,33
1078,33
1079,33
1080,33
1081,117
1082,56
1083,415
1084,298
1085,287
1086,68
1087,56
1088,54
1089,56
1090,346
1091,54
1092,54
1093,464
1094,56
1095,281
1096,360
1097,33
1098,33
1099,181
1100,110
1101,401
1102,288
1103,288
1104,54
1105,288
1106,394
1107,47
1108,56
1109,323
1110,465
1111,107
1112,56
1113,56
1114,56
1115,56
1116,281
1117,466
1118,281
1119,467
1120,394
1121,446
1122,151
1123,394
1124,468
1125,469
1126,470
1127,471
1128,469
1129,472
1130,48
1131,324
1132,473
1133,474
1134,475
1135,476
1136,33
1137,477
1138,478
1139,478
1140,33
1141,11
1142,64
1143,64
1144,64
1145,479
1146,56
1147,139
1148,283
1149,480
1150,57
1151,481
1152,97
1153,420
1154,11
1156,482
1157,9
1158,483
1159,484
1160,166
1161,9
1162,485
1163,486
1164,4
1165,311
1166,12
1167,203
1168,487
1169,30
1170,33
1171,266
1172,489
1173,205
1174,490
1175,491
1176,492
1177,182
1178,493
1179,494
1180,135
1181,307
1182,494
1183,495
1184,496
1185,135
1186,78
1187,497
1188,48
1189,498
1190,170
1191,307
1192,38
1193,117
1194,33
1195,324
1196,362
1197,355
1198,68
1199,499
1200,141
1201,500
1202,501
1203,105
1204,145
1205,502
1206,13
1207,107
1208,503
1209,38
1210,504
1211,322
1212,505
1213,275
1214,91
1215,506
1216,507
1217,508
1218,421
1219,33
1220,56
1221,72
1222,107
1223,427
1224,509
1225,510
1226,75
1227,48
1228,511
1229,181
1230,7
1231,179
1232,151
1233,512
1234,513
1235,513
1236,514
1237,344
1238,514
1239,514
1240,107
1241,235
1242,366
1243,515
1244,294
1245,354
1246,516
1247,517
1248,518
1249,135
1250,519
1251,520
1252,135
1253,514
1254,27
1255,33
1256,55
1257,328
1258,521
1259,522
1260,523
1261,443
1262,33
1263,78
1264,123
1265,68
1266,454
1267,154
1268,110
1269,54
1270,57
1271,524
1272,525
1273,526
1274,527
1275,56
1276,344
1277,166
1278,459
1279,528
1280,111
1281,529
1282,529
1283,530
1284,292
1285,292
1286,531
1287,283
1288,78
1289,92
1290,532
1291,56
1292,533
1293,534
1294,425
1295,535
1296,536
1297,374
1298,21
1299,21
1300,68
1301,537
1302,160
1303,68
1304,538
1305,11
1306,437
1307,504
1308,102
1309,92
1310,539
1311,540
1312,57
1313,33
1314,261
1315,75
1316,542
1317,64
1318,543
1319,346
1320,33
1321,64
1322,33
1323,544
1324,545
1325,356
1326,546
1327,11
1328,476
1329,11
1330,11
1331,11
1332,64
1333,64
1334,547
1335,548
1336,54
1337,549
1338,356
1339,550
1340,57
1341,56
1342,117
1343,551
1344,324
1345,275
1346,275
1347,552
1348,73
1349,55
1350,323
1351,421
1352,553
1353,554
1354,33
1355,555
1356,151
1357,556
1358,62
1359,557
1360,557
1361,151
1362,558
1363,559
1364,100
1365,319
1366,5
1367,268
1368,54
1369,56
1370,288
1371,54
1372,281
1373,560
1374,560
1375,561
1376,562
1377,563
1378,564
1379,235
1380,565
1381,56
1382,430
1383,117
1384,566
1385,33
1386,567
1387,568
1388,186
1389,102
1390,102
1391,168
1392,168
1393,569
1394,570
1395,571
1396,140
1397,572
1398,64
1399,91
1400,56
1401,59
1402,573
1403,54
1404,54
1405,113
1406,139
1407,30
1408,281
1409,155
1410,574
1411,84
1412,57
1413,575
1414,576
1415,577
1416,106
1417,160
1418,141
1419,513
1420,33
1421,33
1422,33
1423,513
1424,2
1425,578
1426,56
1427,166
1428,102
1429,146
1430,423
1431,579
1432,360
1433,580
1434,581
1435,443
1436,582
1437,294
1438,209
1439,583
1440,584
1441,300
1442,334
1443,181
1444,92
1445,585
1446,144
1447,144
1448,430
1449,586
1450,144
1451,587
1452,55
1453,172
1454,172
1455,393
1456,358
1457,112
1458,588
1459,55
1460,114
1461,589
1462,111
1463,590
1464,111
1465,111
1466,110
1467,591
1468,593
1469,110
1470,594
1471,595
1472,596
1473,597
1474,54
1475,210
1476,294
1477,64
1478,598
1479,33
1480,581
1481,129
1482,56
1483,324
1484,324
1485,125
1486,11
1487,102
1488,68
1489,11
1490,360
1491,33
1492,210
1493,11
1494,111
1495,374
1496,33
1497,599
1498,600
1499,182
1500,141
1501,210
1502,27
1503,600
1504,360
1505,33
1506,600
1507,111
1508,64
1509,68
1510,141
1511,72
1512,298
1513,68
1514,601
1515,27
1516,319
1517,283
1518,288
1519,64
1520,246
1521,130
1522,33
1523,59
1524,602
1525,56
1526,461
1527,107
1528,288
1529,56
1530,603
1531,603
1532,572
1533,603
1534,9
1535,178
1536,604
1537,336
1538,56
1539,123
1540,605
1541,283
1542,54
1543,122
1544,606
1545,221
1546,195
1547,607
1548,195
1549,195
1550,134
1551,195
1552,195
1553,195
1554,506
1555,608
1556,195
1557,134
1558,7
1559,134
1560,107
1561,2
1562,609
1563,584
1564,610
1565,336
1566,611
1567,101
1568,612
1569,613
1570,298
1571,614
1572,385
1573,460
1574,385
1575,435
1576,55
1577,615
1578,54
1579,12
1580,151
1581,462
1582,616
1583,96
1584,141
1585,12
1586,139
1587,617
1588,110
1589,171
1590,110
1591,171
1592,412
1593,114
1594,181
1595,181
1596,210
1597,210
1598,210
1599,181
1600,609
1601,618
1602,32
1603,171
1604,57
1605,275
1606,267
1607,57
1608,619
1609,197
1610,105
1611,608
1612,229
1613,168
1614,104
1615,620
1616,123
1617,274
1618,441
1619,621
1620,123
1621,62
1622,62
1623,232
1624,34
1625,123
1626,622
1627,56
1628,114
1629,623
1630,420
1631,34
1632,364
1633,56
1634,346
1635,283
1636,624
1637,54
1638,346
1639,346
1640,33
1641,625
1642,625
1644,181
1645,141
1646,626
1647,195
1648,122
1649,166
1650,56
1651,110
1652,627
1653,628
1654,52
1655,608
1656,135
1657,629
1658,54
1659,285
1660,56
1661,84
1662,56
1663,630
1664,631
1665,102
1666,444
1667,102
1668,346
1669,619
1670,632
1671,633
1672,68
1673,294
1674,634
1675,635
1676,78
1677,33
1678,33
1679,113
1680,54
1681,636
1682,268
1683,637
1684,300
1685,546
1686,638
1687,638
1688,638
1689,638
1690,638
1691,54
1692,59
1693,639
1694,84
1695,392
1696,123
1697,361
1698,171
1699,12
1700,131
1701,171
1702,59
1703,640
1704,54
1706,641
1707,33
1708,421
1709,642
1710,643
1711,644
1712,181
1713,645
1714,64
1715,447
1716,609
1717,646
1718,647
1719,54
1720,648
1721,648
1722,649
1723,130
1724,650
1725,651
1726,652
1727,58
1728,64
1729,192
1730,73
1731,33
1732,653
1733,33
1734,549
1735,283
1736,56
1737,654
1738,283
1739,56
1740,151
1741,151
1742,33
1743,64
1744,345
1745,655
1746,656
1747,657
1748,658
1749,82
1750,114
1751,360
1752,659
1753,122
1754,292
1755,660
1756,107
1757,117
1758,56
1759,56
1760,56
1761,104
1762,56
1763,56
1764,56
1765,54
1766,56
1767,33
1768,54
1769,54
1770,33
1771,661
1772,662
1773,54
1774,33
1775,33
1776,33
1777,33
1778,33
1779,113
1780,83
1781,323
1782,149
1783,34
1784,584
1785,663
1786,664
1787,665
1788,581
1789,172
1790,110
1791,666
1792,609
1793,609
1794,80
1795,149
1796,20
1797,609
1798,667
1799,667
1800,668
1801,669
1802,192
1803,669
1804,669
1805,670
1806,669
1807,10
1808,161
1809,671
1810,144
1811,672
1812,135
1813,443
1814,443
1815,443
1816,443
1817,171
1818,214
1819,673
1820,674
1821,581
1822,675
1823,33
1824,676
1825,677
1826,140
1827,140
1828,283
1829,514
1830,678
1831,443
1832,679
1833,680
1834,321
1835,581
1836,102
1837,681
1838,190
1839,581
1840,337
1841,190
1842,26
1843,190
1844,64
1845,11
1846,11
1847,308
1848,682
1849,54
1850,11
1851,11
1852,134
1853,11
1854,134
1855,323
1856,374
1857,324
1858,474
1859,328
1860,82
1861,354
1862,354
1863,79
1864,292
1865,437
1867,107
1868,683
1869,684
1870,141
1871,685
1872,144
1873,114
1874,686
1875,107
1876,584
1877,687
1878,609
1879,80
1880,609
1881,688
1882,475
1883,80
1884,556
1885,149
1886,688
1887,689
1888,688
1889,80
1890,690
1891,691
1892,102
1893,111
1894,111
1895,307
1896,660
1897,692
1898,353
1899,359
1900,122
1901,693
1902,423
1903,11
1904,141
1905,359
1906,33
1907,694
1908,91
1909,190
1910,443
1911,135
1912,135
1913,64
1914,644
1915,210
1916,696
1917,181
1918,33
1919,181
1920,181
1921,697
1922,698
1923,210
1924,699
1925,700
1926,701
1927,702
1928,703
1929,356
1930,704
1931,672
1932,546
1933,7
1934,72
1935,33
1936,56
1937,705
1938,363
1939,190
1940,56
1941,170
1942,170
1943,706
1944,123
1945,75
1946,707
1947,421
1948,708
1949,709
1950,57
1951,142
1952,710
1953,151
1954,151
1955,287
1956,522
1957,181
1958,711
1959,191
1960,712
1961,149
1962,475
1963,713
1964,86
1965,86
1966,714
1967,714
1968,712
1969,210
1970,146
1971,115
1972,11
1973,435
1974,715
1975,100
1976,522
1977,111
1978,339
1979,716
1980,160
1981,209
1982,160
1983,160
1984,641
1985,140
1986,227
1987,54
1988,122
1989,283
1990,241
1991,55
1992,168
1993,117
1994,57
1995,227
1996,107
1997,717
1998,718
1999,210
2000,54
2001,140
2002,54
2003,283
2004,68
2005,644
2006,9
2007,48
2008,56
2009,719
2010,706
2011,481
2012,110
2013,720
2014,174
2015,421
2016,100
2017,461
2018,721
2019,722
2020,723
2021,724
2022,725
2023,726
2024,170
2025,75
2026,727
2027,160
2028,330
2029,160
2030,100
2031,728
2032,171
2033,12
2034,355
2035,171
2036,160
2037,578
2038,100
2039,520
2040,160
2041,729
2042,191
2043,283
2044,609
2045,252
2046,730
2047,731
2048,91
2049,491
2050,732
2051,733
2052,364
2053,225
2054,261
2055,734
2056,78
2057,82
2058,130
2059,735
2060,64
2061,186
2062,102
2063,526
2064,33
2065,33
2066,736
2067,441
2068,660
2069,737
2070,134
2071,324
2072,61
2073,307
2074,102
2075,738
2076,123
2077,123
2078,739
2079,282
2080,282
2081,282
2082,282
2083,740
2084,581
2085,741
2086,742
2087,712
2088,742
2089,743
2090,537
2091,744
2092,426
2093,745
2094,526
2095,746
2096,328
2097,48
2098,237
2099,514
2100,54
2101,105
2102,335
2103,139
2104,394
2105,747
2106,110
2107,270
2108,146
2109,667
2110,7
2111,748
2112,708
2113,25
2114,144
2115,96
2116,56
2117,749
2118,84
2119,100
2120,27
2121,435
2122,55
2123,8
2124,750
2125,72
2126,434
2127,434
2128,161
2129,7
2130,154
2131,161
2132,11
2133,11
2134,140
2135,213
2136,68
2137,319
2138,229
2139,55
2140,283
2141,59
2142,54
2143,6
2144,9
2145,105
2146,84
2147,59
2148,751
2149,107
2150,140
2151,379
2152,752
2153,79
2154,753
2155,10
2156,68
2157,275
2158,222
2159,122
2160,57
2161,56
2162,129
2163,754
2164,96
2165,96
2166,96
2167,96
2168,96
2169,755
2170,96
2171,756
2172,757
2173,128
2174,96
2175,18
2176,96
2177,231
2178,756
2179,170
2180,281
2181,104
2182,288
2183,758
2184,33
2185,759
2186,33
2187,760
2188,761
2189,761
2190,56
2191,56
2193,763
2194,181
2195,764
2196,764
2197,765
2198,91
2199,766
2200,609
2201,767
2202,767
2203,171
2204,768
2205,548
2206,767
2207,767
2208,769
2209,767
2210,171
2211,395
2212,394
2213,770
2214,16
2215,540
2216,471
2217,44
2218,771
2219,772
2220,773
2221,774
2222,775
2223,774
2224,135
2225,773
2226,44
2227,776
2228,44
2229,777
2230,100
2231,576
2232,576
2233,21
2234,21
2235,438
2236,21
2237,21
2238,21
2239,80
2240,778
2241,778
2242,778
2243,778
2244,778
2245,779
2246,778
2247,780
2248,780
2249,780
2250,781
2251,782
2252,221
2253,92
2254,326
2255,783
2256,171
2257,80
2258,43
2259,276
2260,101
2261,21
2262,106
2263,142
2264,191
2265,166
2266,459
2267,33
2268,56
2269,160
2270,288
2271,104
2272,83
2273,33
2274,784
2275,443
2276,785
2277,786
2278,171
2279,787
2280,787
2281,171
2282,171
2283,788
2284,130
2285,48
2286,745
2287,192
2288,763
2289,767
2290,161
2291,171
2292,789
2293,790
2294,171
2295,664
2296,791
2297,792
2298,789
2299,767
2300,767
2301,171
2302,171
2303,171
2304,767
2305,171
2306,171
2307,767
2308,171
2309,767
2310,767
2311,767
2312,793
2313,794
2314,795
2315,347
2316,796
2317,797
2318,96
2319,798
2320,799
2321,499
2322,791
2323,114
2324,346
2325,500
2326,151
2327,676
2328,800
2329,11
2330,206
2331,309
2332,309
2333,309
2334,309
2335,309
2336,309
2337,309
2338,309
2339,276
2340,309
2341,309
2342,309
2343,309
2344,309
2345,309
2346,309
2347,476
2348,276
2349,309
2350,309
2351,309
2352,309
2353,801
2354,309
2355,323
2356,323
2357,679
2358,276
2359,429
2360,802
2361,803
2362,123
2363,123
2364,454
2365,161
2366,34
2367,804
2368,580
2369,44
2370,322
2371,56
2372,805
2373,134
2374,319
2375,806
2376,134
2377,744
2378,100
2379,78
2380,807
2381,808
2382,78
2383,745
2384,809
2385,221
2386,197
2387,56
2388,33
2389,33
2390,430
2391,810
2392,122
2393,811
2394,644
2395,426
2396,812
2397,10
2398,812
2399,516
2400,813
2401,814
2402,112
2403,11
2404,815
2405,171
2406,796
2407,816
2408,638
2409,25
2410,287
2411,817
2412,59
2413,59
2414,59
2415,123
2416,54
2417,56
2418,492
2419,818
2420,322
2421,819
2422,346
2423,546
2424,546
2425,820
2426,821
2427,122
2428,359
2429,222
2430,222
2431,222
2432,57
2433,222
2434,68
2435,459
2436,435
2437,822
2438,823
2439,822
2440,11
2441,11
2442,824
2443,825
2444,6
2445,283
2446,826
2447,10
2448,827
2449,59
2450,287
2451,55
2452,335
2453,336
2454,93
2455,354
2456,354
2457,645
2458,287
2459,56
2460,828
2461,829
2462,645
2463,830
2464,831
2465,192
2466,447
2467,832
2468,833
2469,834
2470,835
2471,210
2472,53
2473,836
2474,147
2475,55
2476,837
2477,838
2478,184
2479,385
2480,33
2481,839
2482,192
2483,150
2484,668
2485,9
2486,161
2487,840
2488,487
2489,841
2490,842
2491,843
2492,182
2493,844
2494,105
2495,105
2496,151
2497,751
2498,59
2499,292
2500,59
2501,10
2502,796
2503,459
2504,459
2505,845
2506,459
2507,181
2508,145
2509,846
2510,34
2511,459
2512,674
2513,369
2514,847
2515,848
2516,848
2517,2
2518,83
2519,374
2520,849
2521,130
2522,74
2523,506
2524,10
2525,10
2526,10
2527,850
2528,172
2529,172
2530,546
2531,114
2532,851
2533,851
2534,91
2535,122
2536,122
2537,485
2538,11
2539,272
2540,122
2541,11
2542,143
2543,144
2544,55
2545,129
2546,744
2547,11
2548,187
2549,123
2550,852
2551,852
2552,852
2553,852
2554,423
2555,853
2556,514
2557,339
2558,674
2559,283
2560,104
2561,59
2562,129
2563,140
2564,104
2565,854
2566,227
2567,855
2568,856
2569,816
2570,283
2571,857
2572,48
2573,55
2574,229
2575,858
2576,859
2577,102
2578,68
2579,73
2580,11
2581,285
2582,160
2583,659
2584,12
2585,86
2586,712
2587,712
2588,86
2589,860
2590,861
2591,862
2592,44
2593,11
2594,863
2595,48
2596,864
2597,170
2598,346
2599,170
2600,190
2601,667
2602,33
2603,74
2604,744
2605,744
2606,166
2607,865
2608,865
2609,865
2610,423
2611,580
2612,423
2613,423
2614,346
2615,423
2616,360
2617,423
2618,130
2619,8
2620,10
2621,74
2622,166
2623,74
2624,866
2625,867
2626,868
2627,869
2628,68
2629,10
2630,870
2631,56
2632,871
2633,281
2634,160
2635,114
2636,187
2637,187
2638,187
2639,187
2640,187
2641,123
2642,374
2643,872
2644,30
2645,113
2646,849
2647,294
2648,68
2649,210
2650,44
2651,44
2652,6
2653,210
2654,873
2655,27
2656,68
2657,874
2658,59
2659,506
2660,134
2661,9
2662,210
2663,875
2664,720
2665,877
2666,117
2667,160
2668,160
2669,149
2670,878
2671,283
2672,879
2673,195
2674,74
2675,86
2676,379
2677,149
2678,307
2679,880
2680,123
2681,146
2682,881
2683,882
2684,117
2685,33
2686,698
2687,54
2688,430
2689,56
2690,883
2691,33
2692,68
2693,68
2694,108
2695,33
2696,667
2697,688
2698,283
2699,884
2700,283
2701,54
2702,33
2703,885
2704,487
2705,195
2706,412
2707,33
2708,33
2709,886
2710,427
2711,363
2712,887
2713,33
2714,33
2715,751
2716,33
2717,888
2718,889
2719,160
2720,890
2721,891
2722,33
2723,34
2724,113
2725,892
2726,9
2727,11
2728,678
2729,134
2730,893
2731,514
2732,894
2733,195
2734,895
2735,896
2736,897
2737,2
2738,897
2739,898
2740,361
2741,443
2742,11
2743,74
2744,784
2745,54
2746,585
2747,645
2748,421
2749,899
2750,84
2751,84
2752,78
2753,11
2754,900
2755,901
2756,32
2757,421
2759,160
2760,426
2761,160
2762,104
2763,123
2764,107
2765,827
2766,552
2767,443
2768,495
2769,495
2770,421
2771,443
2772,261
2773,261
2774,430
2775,23
2776,902
2777,34
2778,903
2779,261
2780,151
2781,170
2782,904
2783,905
2784,122
2785,117
2786,906
2787,907
2788,908
2789,171
2790,856
2791,307
2792,909
2793,826
2794,394
2795,6
2796,910
2797,910
2798,910
2799,186
2800,748
2801,234
2802,911
2803,912
2804,257
2805,157
2806,364
2807,462
2808,644
2809,56
2810,476
2811,394
2812,394
2813,514
2814,358
2815,56
2816,457
2817,141
2818,913
2819,914
2820,145
2821,160
2822,915
2823,252
2824,160
2825,160
2826,854
2827,364
2828,916
2829,854
2830,917
2831,23
2833,191
2834,546
2835,434
2836,281
2837,0
2838,919
2839,84
2840,920
2841,921
2842,922
2843,64
2844,923
2845,16
2846,134
2847,924
2848,460
2849,102
2850,460
2851,102
2852,698
2853,7
2854,311
2855,460
2856,761
2857,691
2858,7
2859,925
2860,55
2861,761
2862,11
2863,926
2864,55
2865,927
2866,141
2867,928
2868,102
2869,55
2870,929
2871,134
2872,33
2873,68
2874,123
2875,33
2876,123
2877,33
2878,930
2879,931
2880,146
2881,708
2882,932
2883,846
2884,641
2885,385
2886,933
2887,84
2888,934
2889,122
2890,122
2891,935
2892,122
2893,122
2894,936
2895,155
2896,10
2897,425
2898,168
2899,766
2900,937
2901,366
2902,186
2903,186
2904,668
2905,346
2906,64
2907,123
2908,938
2909,64
2910,123
2911,322
2912,100
2913,311
2914,939
2915,107
2916,56
2917,54
2918,56
2919,283
2920,56
2921,27
2922,940
2923,822
2924,632
2925,941
2926,12
2927,658
2928,282
2929,354
2930,354
2931,91
2932,122
2933,942
2934,11
2935,122
2936,91
2937,122
2938,181
2939,171
2940,186
2941,354
2942,97
2943,25
2944,56
2945,943
2946,360
2947,581
2948,360
2949,360
2950,161
2951,360
2952,82
2953,944
2954,354
2955,945
2956,425
2957,946
2958,135
2959,852
2960,195
2961,497
2962,374
2963,947
2964,16
2965,948
2966,947
2967,947
2968,947
2969,283
2970,288
2971,33
2972,288
2973,283
2974,667
2975,667
2976,195
2977,195
2978,16
2979,949
2980,945
2981,11
2982,374
2983,156
2984,820
2985,443
2986,950
2987,827
2988,140
2989,678
2990,54
2991,105
2992,96
2993,141
2994,56
2995,347
2996,160
2997,160
2998,160
2999,160
3000,160
3001,952
3002,160
3003,107
3004,953
3005,954
3006,955
3007,821
3008,256
3009,956
3010,9
3011,56
3012,33
3013,434
3014,957
3015,827
3016,105
3017,789
3018,822
3019,170
3020,618
3021,171
3022,958
3023,117
3024,959
3025,363
3026,232
3027,960
3028,961
3029,962
3030,363
3031,963
3032,964
3033,474
3034,965
3035,298
3036,141
3037,57
3038,55
3039,55
3040,281
3041,107
3042,54
3043,56
3044,56
3045,130
3046,966
3047,27
3048,171
3049,56
3050,827
3051,967
3052,73
3053,496
3054,495
3055,222
3056,968
3057,222
3058,165
3059,222
3060,55
3061,33
3062,667
3063,33
3064,969
3065,970
3066,970
3067,646
3068,971
3069,76
3070,972
3071,973
3072,281
3073,33
3074,114
3075,33
3076,141
3077,974
3078,149
3079,33
3080,298
3081,113
3082,141
3083,667
3084,975
3085,33
3086,663
3087,11
3088,977
3089,59
3090,84
3091,283
3092,288
3093,978
3094,737
3095,246
3096,480
3097,979
3098,980
3099,981
3100,982
3101,686
3102,686
3103,686
3104,194
3105,686
3106,830
3107,686
3108,686
3109,686
3110,686
3111,108
3112,33
3113,33
3114,108
3115,33
3116,486
3117,82
3118,33
3119,78
3120,78
3121,33
3122,33
3123,149
3124,182
3125,983
3126,54
3127,210
3128,11
3129,11
3130,181
3131,984
3132,182
3133,984
3134,985
3135,516
3136,986
3137,41
3138,135
3139,102
3140,102
3141,102
3142,102
3143,102
3144,102
3145,102
3146,102
3147,102
3148,581
3149,691
3150,987
3151,516
3152,988
3153,56
3154,141
3155,927
3156,989
3157,925
3158,927
3159,49
3160,102
3161,311
3162,990
3163,925
3164,991
3165,992
3166,232
3167,232
3168,993
3169,221
3170,181
3171,110
3172,33
3173,322
3174,181
3175,994
3176,995
3177,361
3178,33
3179,33
3180,33
3181,33
3182,114
3183,89
3184,11
3185,146
3186,410
3187,430
3188,996
3189,68
3190,68
3191,68
3192,68
3193,68
3194,113
3195,113
3196,33
3197,720
3198,347
3199,997
3200,334
3201,972
3202,82
3203,993
3204,83
3205,252
3206,243
3207,667
3208,160
3209,114
3210,33
3211,78
3212,25
3213,998
3214,56
3215,119
3216,64
3217,64
3218,546
3219,183
3220,999
3221,1000
3222,479
3223,283
3224,141
3225,283
3226,479
3227,130
3228,141
3229,33
3230,1001
3231,62
3232,98
3233,970
3234,1002
3235,636
3236,1003
3237,346
3238,346
3239,283
3240,1004
3241,1005
3242,110
3243,181
3244,506
3245,54
3246,54
3247,54
3248,288
3249,134
3250,134
3251,298
3252,496
3253,496
3254,496
3255,141
3256,427
3257,1006
3258,21
3259,100
3260,1007
3261,1008
3262,1009
3263,771
3264,46
3265,1009
3266,114
3267,33
3268,33
3269,104
3270,33
3271,494
3272,288
3273,1010
3274,1011
3275,1012
3276,102
3277,102
3278,492
3279,1014
3280,1015
3281,54
3282,1016
3283,140
3284,443
3285,281
3286,479
3287,288
3288,479
3289,640
3290,288
3291,265
3292,479
3293,564
3294,56
3295,447
3296,1017
3297,1019
3298,1020
3299,479
3300,1021
3301,67
3302,725
3303,232
3304,56
3305,597
3306,1022
3307,364
3308,626
3309,1023
3310,1024
3311,82
3312,82
3313,1025
3314,54
3315,59
3316,759
3317,1026
3318,1027
3319,883
3320,564
3321,1029
3322,33
3323,580
3324,1030
3325,1031
3326,1032
3327,129
3328,106
3329,106
3330,62
3331,30
3332,68
3333,281
3334,33
3335,33
3336,56
3337,639
3338,140
3339,1033
3340,1034
3341,149
3342,59
3343,288
3344,1035
3345,33
3346,32
3347,83
3348,232
3349,709
3350,57
3351,56
3352,1036
3353,645
3354,274
3355,192
3356,1037
3357,1038
3358,645
3359,83
3360,54
3361,1039
3362,114
3363,1040
3364,68
3365,1041
3366,636
3367,56
3368,283
3369,91
3370,396
3371,1042
3372,57
3373,1043
3374,1044
3375,931
3376,54
3377,62
3378,2
3379,430
3380,1045
3381,56
3382,1046
3383,182
3384,122
3385,33
3386,155
3387,1047
3388,149
3389,915
3390,33
3391,1048
3392,1049
3393,83
3394,107
3395,626
3396,105
3397,210
3398,11
3399,64
3400,83
3401,759
3402,1050
3403,11
3404,1051
3405,129
3406,68
3407,64
3408,64
3409,883
3410,288
3411,288
3412,526
3413,117
3414,155
3415,1052
3416,298
3417,54
3418,276
3419,1053
3420,346
3421,1054
3422,33
3423,33
3424,421
3425,283
3426,1055
3427,33
3428,56
3429,640
3430,68
3431,68
3432,68
3433,33
3434,27
3435,514
3436,804
3437,181
3438,107
3439,430
3440,114
3441,11
3442,56
3443,395
3444,546
3445,1056
3446,54
3447,361
3448,160
3449,160
3450,421
3451,160
3452,288
3453,410
3454,283
3455,356
3456,33
3457,33
3458,160
3459,232
3460,1058
3461,826
3462,18
3463,835
3464,1059
3465,1060
3466,1061
3467,62
3468,34
3469,1062
3470,734
3471,66
3472,1064
3473,1065
3474,161
3475,140
3476,161
3477,107
3478,161
3479,146
3480,580
3481,423
3482,580
3483,1066
3484,476
3485,154
3486,698
3487,186
3488,460
3489,72
3490,74
3492,139
3493,470
3494,54
3495,134
3496,56
3497,893
3498,283
3499,1067
3500,283
3501,54
3502,1068
3503,1069
3504,1070
3505,954
3506,134
3507,281
3508,56
3509,1071
3510,22
3511,192
3512,114
3513,1072
3514,56
3515,54
3516,1073
3517,57
3518,962
3519,1074
3520,68
3521,78
3522,360
3523,68
3524,360
3525,360
3526,360
3527,360
3528,360
3529,1075
3530,283
3531,283
3532,114
3533,346
3534,110
3535,84
3536,1076
3537,1077
3538,363
3539,705
3540,54
3541,33
3542,1078
3543,210
3544,57
3545,1079
3546,57
3547,235
3548,33
3549,281
3550,227
3551,232
3552,59
3553,140
3554,462
3555,106
3556,446
3557,394
3558,16
3559,394
3560,122
3561,140
3562,1080
3563,122
3564,1081
3565,56
3566,1082
3567,150
3568,62
3569,1083
3570,151
3571,1084
3572,62
3573,160
3574,33
3575,359
3576,122
3577,54
3578,100
3579,33
3580,1080
3581,64
3582,113
3583,122
3584,550
3585,122
3586,151
3587,550
3588,62
3589,709
3590,57
3591,1080
3592,4
3593,287
3594,56
3595,56
3596,56
3597,72
3598,64
3599,364
3600,149
3601,324
3602,275
3603,324
3604,275
3605,324
3606,277
3607,324
3608,11
3609,324
3610,324
3611,7
3612,324
3613,446
3614,274
3615,1085
3616,275
3617,324
3618,324
3619,134
3620,1086
3621,322
3622,745
3623,1087
3624,253
3625,307
3626,253
3627,307
3628,253
3629,324
3630,324
3631,441
3632,307
3633,324
3634,441
3635,324
3636,1088
3637,1089
3638,324
3639,441
3640,324
3641,324
3642,324
3643,441
3644,324
3645,324
3646,1089
3647,221
3648,253
3649,324
3650,1090
3651,171
3652,102
3653,366
3654,1091
3655,1092
3656,644
3657,129
3658,283
3659,134
3660,129
3661,1093
3662,805
3663,364
3664,1093
3665,1094
3666,443
3667,609
3668,117
3669,584
3670,54
3671,232
3672,1095
3673,1096
3674,364
3675,322
3676,1093
3677,1097
3678,213
3679,232
3680,56
3681,114
3682,232
3683,1098
3684,245
3685,1099
3686,830
3687,1100
3688,33
3689,804
3690,1101
3691,89
3692,1102
3693,1102
3694,1103
3695,581
3696,581
3697,581
3698,1104
3699,1105
3700,213
3701,62
3702,151
3703,34
3704,140
3705,222
3706,221
3708,698
3709,300
3710,1106
3711,182
3712,106
3713,75
3714,374
3715,56
3716,190
3717,170
3718,56
3719,421
3720,1107
3721,1108
3722,1108
3723,1108
3724,1108
3725,808
3726,1108
3727,1109
3728,1109
3729,1110
3730,1111
3731,7
3732,1112
3733,1113
3734,18
3735,1114
3736,1115
3737,117
3738,10
3739,107
3740,210
3741,808
3742,808
3743,1109
3744,1109
3745,1109
3746,808
3747,808
3748,808
3749,1109
3750,808
3751,1108
3752,1108
3753,1108
3754,106
3755,172
3756,1116
3757,100
3758,100
3759,100
3760,100
3761,100
3762,100
3763,5
3764,100
3765,100
3766,1117
3767,1117
3768,1117
3769,1117
3770,1117
3771,172
3772,172
3773,172
3774,172
3775,172
3776,388
3777,388
3778,388
3779,388
3780,388
3781,388
3782,388
3783,388
3784,388
3785,388
3786,388
3787,172
3788,172
3789,172
3790,172
3791,172
3792,172
3793,172
3794,172
3795,172
3796,172
3797,59
3798,5
3799,100
3800,502
3801,823
3802,722
3803,722
3804,1118
3805,1118
3806,393
3807,393
3808,393
3809,252
3810,252
3811,23
3812,23
3813,494
3814,827
3815,970
3816,101
3817,43
3818,101
3819,856
3820,102
3821,1119
3822,856
3823,856
3824,186
3825,1121
3826,1122
3827,56
3828,1123
3829,1123
3830,1123
3831,1123
3832,172
3833,172
3834,172
3835,172
3836,172
3837,172
3838,172
3839,1124
3840,581
3841,1124
3842,1124
3843,111
3844,253
3845,33
3846,98
3847,247
3848,172
3849,1125
3850,1125
3851,172
3852,1124
3853,1124
3854,1124
3855,1124
3856,1117
3857,1126
3858,1113
3859,1093
3860,494
3861,496
3862,1127
3863,572
3864,494
3865,869
3866,129
3867,1029
3868,129
3869,1029
3870,1029
3871,1029
3872,1029
3873,1029
3874,146
3875,1128
3876,38
3877,684
3878,171
3879,584
3880,707
3881,395
3882,165
3883,1129
3884,1130
3885,394
3886,1131
3887,1132
3888,434
3889,44
3890,776
3891,1133
3892,426
3893,569
3894,156
3895,915
3896,44
3897,772
3898,44
3899,44
3900,44
3901,149
3902,44
3903,776
3904,64
3905,33
3906,74
3907,74
3908,75
3909,469
3910,287
3911,447
3912,129
3913,1134
3914,34
3915,1135
3916,1136
3917,1137
3918,1138
3919,1138
3920,1137
3921,1139
3922,897
3923,1137
3924,1137
3925,897
3926,1139
3927,1137
3928,1137
3929,1137
3930,897
3931,897
3932,1137
3933,1137
3934,897
3935,1140
3936,552
3937,1137
3938,1139
3939,1137
3940,552
3941,1138
3942,897
3943,107
3944,261
3945,33
3946,482
3947,30
3948,1141
3949,482
3950,1142
3951,54
3952,1143
3953,1145
3954,1146
3955,486
3956,486
3957,287
3958,171
3959,609
3960,1147
3961,5
3962,644
3963,1148
3964,1149
3965,54
3966,30
3967,1150
3968,1123
3969,1123
3970,1123
3971,1151
3972,640
3973,354
3974,1152
3975,56
3976,853
3977,172
3978,336
3979,875
3980,1153
3981,56
3982,110
3983,1154
3984,627
3985,33
3986,1155
3987,307
3988,459
3989,1156
3990,1157
3991,288
3992,53
3993,33
3994,53
3995,1094
3996,852
3997,1158
3998,56
3999,160
4000,160
4001,160
4002,1159
4003,530
4004,27
4005,56
4006,644
4007,644
4008,68
4009,68
4010,181
4011,107
4012,1160
4013,33
4014,33
4015,33
4016,33
4017,346
4018,33
4019,114
4020,33
4021,149
4022,33
4023,33
4024,33
4025,33
4026,1161
4027,295
4028,210
4029,181
4030,281
4031,1158
4032,572
4033,122
4034,1162
4035,294
4036,33
4037,1163
4038,195
4039,56
4040,54
4041,1164
4042,324
4043,128
4044,1165
4045,33
4046,638
4047,786
4048,102
4049,102
4050,212
4051,1166
4052,287
4053,322
4054,590
4055,1167
4056,160
4057,426
4058,122
4059,33
4060,324
4061,324
4062,421
4063,324
4064,283
4065,98
4066,98
4067,98
4068,1168
4069,98
4070,98
4071,1169
4072,854
4073,1170
4074,33
4075,669
4076,1171
4077,10
4078,630
4079,1172
4080,111
4081,285
4082,1173
4083,1174
4084,1175
4085,380
4086,21
4087,59
4088,134
4089,112
4090,738
4091,82
4092,1176
4093,674
4094,82
4095,288
4096,1177
4097,542
4098,1178
4099,1178
4100,1178
4101,394
4102,394
4103,394
4104,446
4105,1179
4106,283
4107,105
4108,1180
4109,1181
4110,54
4111,283
4112,140
4113,100
4114,54
4115,173
4116,59
4117,1182
4118,151
4119,241
4120,151
4121,294
4122,328
4123,364
4124,33
4125,1183
4126,218
4127,1184
4128,360
4129,75
4130,360
4131,266
4132,11
4133,101
4134,1186
4135,160
4136,581
4137,447
4138,161
4139,1187
4140,55
4141,897
4142,1188
4143,33
4144,1189
4145,102
4146,1190
4147,954
4148,75
4149,360
4150,75
4151,1163
4152,99
4153,56
4154,740
4155,1191
4156,1046
4157,130
4158,56
4159,54
4160,1192
4161,107
4162,1193
4163,1194
4164,283
4165,62
4166,1195
4167,140
4168,396
4169,550
4170,105
4171,144
4172,160
4173,12
4174,63
4175,160
4176,160
4177,160
4178,160
4179,54
4180,160
4181,160
4182,160
4183,307
4184,190
4185,5
4186,107
4187,285
4188,628
4189,134
4190,134
4191,954
4192,479
4193,261
4194,353
4195,581
4196,343
4197,343
4198,49
4199,272
4200,364
4201,1196
4202,410
4203,33
4204,1197
4205,938
4206,82
4207,33
4208,33
4209,82
4210,160
4211,33
4212,1198
4213,366
4214,1200
4215,568
4216,181
4217,53
4218,96
4219,1201
4220,68
4221,10
4222,10
4223,10
4224,74
4225,546
4226,385
4227,385
4228,56
4229,1202
4230,894
4231,1203
4232,112
4233,222
4234,441
4235,1190
4236,319
4237,381
4238,625
4239,319
4240,319
4241,100
4242,1204
4243,1205
4244,1089
4245,56
4246,712
4247,134
4248,1206
4249,1137
4250,12
4251,1136
4252,1137
4253,12
4254,12
4255,361
4256,520
4257,171
4258,581
4259,371
4260,157
4261,157
4262,1207
4263,1208
4264,160
4265,581
4266,1209
4267,168
4268,134
4269,1207
4270,186
4271,1210
4272,330
4273,1211
4274,1212
4275,361
4276,182
4277,894
4278,735
4279,111
4280,111
4281,253
4282,253
4283,1213
4284,361
4285,130
4286,44
4287,44
4288,776
4289,44
4290,776
4291,1214
4292,434
4293,776
4294,43
4295,5
4296,776
4297,44
4298,776
4299,1098
4300,776
4301,44
4302,776
4303,435
4304,101
4305,101
4306,43
4307,101
4308,707
4309,100
4310,1215
4311,101
4312,44
4313,1216
4314,1216
4315,161
4316,434
4317,44
4318,5
4319,11
4320,100
4321,5
4322,100
4323,5
4324,100
4325,1217
4326,100
4327,1133
4328,100
4329,5
4330,100
4331,364
4332,82
4333,364
4334,1218
4335,513
4336,667
4337,767
4338,1219
4339,1220
4340,195
4341,1221
4342,513
4343,763
4344,192
4345,122
4346,750
4347,110
4348,288
4349,139
4350,1222
4351,30
4352,100
4353,151
4354,854
4355,55
4356,10
4357,33
4358,1223
4359,759
4360,1224
4361,581
4362,105
4363,1029
4364,33
4365,54
4366,33
4367,209
4368,1225
4369,89
4370,33
4371,209
4372,422
4373,1226
4374,211
4375,107
4376,209
4377,491
4378,1227
4379,158
4380,1228
4381,103
4382,1229
4383,134
4384,1230
4385,11
4386,334
4387,1231
4388,1232
4389,421
4390,1224
4391,176
4392,1224
4393,176
4394,78
4395,68
4396,111
4397,1233
4398,1234
4399,11
4400,184
4401,122
4402,674
4403,487
4404,33
4405,1235
4406,54
4407,1236
4408,1237
4409,581
4410,1238
4411,1239
4412,1158
4413,1240
4414,1241
4415,486
4416,1242
4417,1244
4418,1245
4419,514
4420,514
4421,1246
4422,712
4423,712
4424,181
4425,181
4426,89
4427,495
4428,324
4429,324
4430,672
4431,134
4432,182
4433,492
4434,442
4435,222
4436,130
4437,141
4438,160
4439,68
4440,1247
4441,479
4442,479
4443,141
4444,654
4445,12
4446,283
4447,54
4448,140
4449,105
4450,102
4451,9
4452,727
4453,1248
4454,421
4455,56
4456,11
4457,430
4458,33
4459,1249
4460,1250
4461,122
4462,288
4463,1251
4464,823
4465,1252
4466,698
4467,192
4468,1093
4469,192
4470,192
4471,192
4472,33
4473,56
4474,82
4475,11
4476,82
4477,82
4478,181
4479,171
4480,1253
4481,272
4482,361
4483,74
4484,75
4485,360
4486,360
4487,360
4488,360
4489,130
4490,360
4491,130
4492,360
4493,1254
4494,500
4495,68
4496,179
4497,181
4498,140
4499,1255
4500,210
4501,707
4502,261
4503,1256
4504,1256
4505,381
4506,111
4507,292
4508,27
4509,27
4510,210
4511,181
4512,94
4513,319
4514,686
4515,123
4516,68
4517,1257
4518,355
4519,486
4520,1258
4521,1260
4522,1260
4523,123
4524,1261
4525,1163
4526,235
4527,1123
4528,370
4529,44
4530,177
4531,353
4532,686
4533,444
4534,44
4535,53
4536,1188
4537,33
4538,1262
4539,1263
4540,33
4541,1264
4542,764
4543,294
4544,1265
4545,53
4546,56
4547,134
4548,1266
4549,319
4550,9
4551,56
4552,72
4553,1267
4554,33
4555,309
4556,581
4557,434
4558,1268
4559,1269
4560,161
4561,172
4562,492
4563,914
4564,182
4565,154
4566,1270
4567,914
4568,1271
4569,182
4570,182
4571,914
4572,492
4573,945
4574,201
4575,1272
4576,1272
4577,1272
4578,1272
4579,1272
4580,1272
4581,1272
4582,1272
4583,1272
4584,1272
4585,1272
4586,1272
4587,1272
4588,1125
4589,1125
4590,393
4591,1125
4592,1125
4593,1273
4594,172
4595,1123
4596,100
4597,966
4598,165
4599,134
4600,100
4601,165
4602,172
4603,1274
4604,811
4605,253
4606,645
4607,645
4608,107
4609,11
4610,363
4611,363
4612,89
4613,1275
4614,123
4615,4
4616,134
4617,276
4618,1276
4619,776
4620,1137
4621,44
4622,1137
4623,1137
4624,1137
4625,112
4626,112
4627,203
4628,872
4629,30
4630,68
4631,117
4632,68
4633,1277
4634,33
4635,1277
4636,68
4637,181
4638,33
4639,319
4640,33
4641,33
4642,1278
4643,33
4644,33
4645,33
4646,720
4647,720
4648,1279
4649,962
4650,261
4651,261
4652,743
4653,33
4654,361
4655,654
4656,1280
4657,271
4658,944
4659,1281
4660,1282
4661,117
4662,514
4663,160
4664,160
4665,421
4666,10
4667,1283
4668,74
4669,10
4670,1283
4671,380
4672,171
4673,161
4674,149
4675,149
4676,1284
4677,462
4678,2
4679,1284
4680,474
4681,1285
4682,474
4683,321
4684,474
4685,371
4686,474
4687,276
4688,1286
4689,151
4690,297
4691,1287
4692,702
4693,151
4694,105
4695,56
4696,356
4697,57
4698,0
4699,798
4700,1288
4701,880
4702,1289
4703,1290
4704,1291
4705,1292
4706,1292
4707,1292
4708,1293
4709,579
4710,1294
4711,1295
4712,646
4713,5
4714,5
4715,100
4716,481
4717,171
4718,1296
4719,712
4720,33
4721,33
4722,117
4723,107
4724,33
4725,82
4726,514
4727,1297
4728,584
4729,1298
4730,101
4731,869
4732,181
4733,1299
4734,72
4735,579
4736,54
4737,9
4738,172
4739,172
4740,213
4741,1300
4742,199
4743,1301
4744,49
4745,1302
4746,1303
4747,307
4748,86
4749,151
4750,9
4751,1304
4752,1305
4753,222
4754,91
4755,0
4756,1306
4757,192
4758,761
4759,761
4760,298
4761,298
4762,1307
4763,807
4764,374
4765,160
4766,12
4767,12
4768,100
4769,12
4770,12
4771,12
4772,130
4773,169
4774,130
4775,171
4776,171
4777,636
4778,160
4779,182
4780,330
4781,1125
4782,172
4783,172
4784,1125
4785,1125
4786,172
4787,10
4788,172
4789,172
4790,172
4791,1125
4792,1125
4793,172
4794,172
4795,1125
4796,1108
4797,1108
4798,1108
4799,1108
4800,393
4801,393
4802,1308
4803,630
4804,630
4805,1016
4806,1309
4807,1310
4808,322
4809,421
4810,1311
4811,55
4812,105
4813,105
4814,105
4815,84
4816,44
4817,44
4818,44
4819,1312
4820,56
4821,56
4822,1313
4823,882
4824,283
4825,609
4826,796
4827,1314
4828,123
4829,658
4830,1315
4831,1316
4832,1311
4833,1311
4834,1311
4835,1311
4836,1311
4837,691
4838,1311
4839,1311
4840,229
4841,889
4842,1317
4843,1318
4844,1319
4845,154
4846,33
4847,154
4848,114
4849,925
4850,110
4851,154
4852,1320
4853,154
4854,1321
4855,54
4856,59
4857,1322
4858,1323
4859,348
4860,1324
4861,374
4862,236
4863,1325
4864,689
4865,82
4866,82
4867,82
4868,82
4869,107
4870,56
4871,117
4872,1326
4873,1328
4874,56
4875,123
4876,882
4877,1329
4878,123
4879,243
4880,1330
4881,123
4882,1331
4883,33
4884,166
4885,1332
4886,443
4887,1333
4888,1334
4889,1335
4890,1239
4891,2
4892,1336
4893,1337
4894,2
4895,413
4896,2
4897,522
4898,287
4899,287
4900,2
4901,72
4902,72
4903,1338
4904,287
4905,72
4906,287
4907,1339
4908,576
4909,1340
4910,2
4911,1029
4912,1341
4913,110
4914,56
4915,721
4916,96
4917,1342
4918,970
4919,324
4920,62
4921,767
4922,107
4923,1343
4924,336
4925,336
4926,1344
4927,336
4928,336
4929,122
4930,122
4931,1346
4932,171
4933,171
4934,171
4935,1347
4936,195
4937,394
4938,446
4939,166
4940,134
4941,1319
4942,1295
4943,58
4944,336
4945,56
4946,1343
4947,11
4949,61
4950,776
4951,1179
4952,1348
4953,1349
4954,454
4955,394
4956,1350
4957,428
4958,283
4959,11
4960,114
4961,129
4962,336
4963,645
4964,325
4965,2
4966,171
4967,106
4968,287
4969,287
4970,287
4971,72
4972,287
4973,287
4974,72
4975,171
4976,413
4977,1091
4978,670
4979,579
4980,1222
4981,1222
4983,394
4984,130
4985,430
4986,1351
4987,644
4988,185
4989,748
4990,1352
4991,1108
4992,44
4993,447
4994,443
4995,181
4996,68
4997,232
4998,129
4999,1353
5000,445
5001,64
5002,674
5003,1354
5004,1355
5005,759
5006,123
5007,123
5008,123
5009,123
5010,123
5011,292
5012,426
5013,66
5014,86
5015,421
5016,86
5017,168
5018,168
5019,139
5020,79
5021,54
5022,101
5023,311
5024,1356
5025,1356
5026,1356
5027,515
5028,83
5029,993
5030,59
5031,1357
5032,59
5033,1096
5034,1358
5035,1042
5036,227
5037,170
5038,1105
5039,130
5040,1359
5041,1360
5042,884
5043,609
5044,240
5045,1270
5046,54
5047,1361
5048,151
5049,644
5050,9
5051,1362
5052,756
5053,1363
5054,33
5055,171
5056,171
5057,170
5058,300
5059,56
5060,56
5061,56
5062,56
5063,56
5064,56
5065,300
5066,56
5067,1364
5068,56
5069,1228
5070,1365
5071,410
5072,1366
5073,1029
5074,1367
5075,1368
5076,1098
5077,1029
5078,558
5079,1369
5080,394
5081,1370
5082,1370
5083,1370
5084,1370
5085,1371
5086,1370
5087,1370
5088,1372
5089,1033
5090,609
5091,1153
5092,1373
5093,129
5094,11
5095,56
5096,761
5097,761
5098,761
5099,761
5100,761
5101,1374
5102,761
5103,101
5104,1375
5105,166
5106,1376
5107,210
5108,160
5109,596
5110,292
5111,654
5112,59
5113,612
5114,100
5115,920
5116,609
5117,609
5118,1093
5119,609
5120,609
5121,609
5122,21
5123,1093
5124,862
5125,1377
5126,1377
5127,382
5128,428
5129,1378
5130,366
5131,1379
5132,141
5133,146
5134,435
5135,31
5136,632
5137,54
5138,1380
5139,10
5140,381
5141,171
5142,354
5143,161
5144,1381
5145,166
5146,609
5147,394
5148,589
5149,743
5150,782
5151,636
5152,1382
5153,104
5154,56
5155,104
5156,54
5157,1383
5158,134
5159,1384
5160,165
5161,134
5162,165
5163,962
5164,993
5165,759
5166,68
5167,1385
5168,117
5169,68
5170,68
5171,693
5172,1386
5173,880
5174,558
5175,1387
5176,1388
5177,426
5178,205
5179,2
5180,2
5181,287
5182,287
5183,287
5184,287
5185,171
5186,171
5187,171
5188,171
5189,165
5190,486
5191,117
5192,185
5193,1389
5194,366
5195,68
5196,56
5197,56
5198,630
5199,1091
5200,630
5201,630
5202,630
5203,630
5204,1091
5205,33
5206,1390
5207,123
5208,1391
5209,1392
5210,1393
5211,308
5212,437
5213,1125
5214,1125
5215,1125
5216,300
5217,55
5218,1394
5219,190
5220,1394
5221,1394
5222,190
5223,144
5224,1395
5225,56
5226,82
5227,1396
5228,530
5229,1397
5230,972
5231,1398
5232,722
5233,83
5234,31
5235,59
5236,67
5237,68
5238,227
5239,140
5240,62
5241,51
5242,1149
5243,130
5244,171
5245,171
5246,171
5247,1400
5248,171
5249,584
5250,776
5251,199
5252,430
5253,181
5254,1139
5255,0
5256,1401
5257,722
5258,30
5259,11
5260,1402
5261,658
5262,171
5263,16
5264,856
5265,1202
5266,946
5267,1124
5268,33
5269,1403
5270,1404
5271,650
5272,277
5273,174
5274,443
5275,152
5276,984
5277,1405
5278,535
5279,535
5280,30
5281,409
5282,123
5283,155
5284,1406
5285,1407
5286,1408
5287,1409
5288,1410
5289,1411
5290,1412
5291,1234
5292,6
5293,1351
5294,130
5295,104
5296,1029
5297,820
5298,826
5299,294
5300,1413
5301,1414
5302,1415
5303,75
5304,75
5305,410
5306,171
5307,1416
5308,1416
5309,495
5310,1416
5311,160
5312,160
5313,32
5314,347
5315,1417
5316,9
5317,9
5318,1418
5319,1419
5320,1420
5321,281
5322,627
5323,315
5324,56
5325,232
5326,140
5327,1421
5328,283
5329,1422
5330,1423
5331,1424
5332,54
5333,140
5334,1425
5335,64
5336,961
5337,1426
5338,30
5339,1427
5340,288
5341,30
5342,288
5343,2
5344,1428
5345,1429
5346,33
5347,420
5348,104
5349,434
5350,23
5351,23
5352,12
5353,1430
5354,1141
5355,1377
5356,1154
5357,1154
5358,1431
5359,766
5360,1432
5361,1433
5362,1257
5363,9
5364,1154
5365,33
5366,1154
5367,722
5368,1434
5369,172
5370,172
5371,172
5372,172
5373,172
5374,172
5375,34
5376,283
5377,283
5378,107
5379,218
5380,218
5381,218
5382,1436
5383,766
5384,170
5385,1437
5386,695
5387,117
5388,1438
5389,1438
5390,1438
5391,1438
5392,1438
5393,1439
5394,1440
5395,54
5396,54
5397,246
5398,246
5399,1441
5400,54
5401,1442
5402,34
5403,1442
5404,160
5405,1178
5406,62
5407,1178
5408,1443
5409,1444
5410,144
5411,276
5412,1445
5413,1446
5414,276
5415,45
5416,679
5417,1446
5418,166
5419,1447
5420,1447
5421,580
5422,104
5423,213
5424,123
5425,105
5426,1091
5427,1091
5428,353
5429,362
5430,27
5431,68
5432,678
5433,33
5434,609
5435,168
5436,395
5437,1448
5438,500
5439,1449
5440,1450
5441,86
5442,1451
5443,11
5444,10
5445,75
5446,1452
5447,192
5448,1093
5449,201
5450,47
5451,16
5452,1453
5453,16
5454,106
5455,1454
5456,1455
5457,1455
5458,172
5459,172
5460,172
5461,172
5462,54
5463,1456
5464,1457
5465,18
5466,476
5467,476
5468,1458
5469,1459
5470,1459
5471,1099
5472,1099
5473,166
5474,777
5475,134
5476,23
5477,1460
5478,430
5479,232
5480,1461
5481,51
5482,1462
5483,141
5484,363
5485,52
5486,172
5487,172
5488,172
5489,1463
5490,213
5491,1464
5492,1016
5493,1016
5494,1465
5495,1466
5496,54
5497,33
5498,117
5499,33
5500,420
5501,287
5502,748
5503,287
5504,160
5505,16
5506,707
5507,229
5508,1467
5509,1371
5510,43
5511,1468
5512,584
5513,101
5514,1468
5515,141
5516,141
5517,645
5518,645
5519,96
5520,645
5521,96
5522,780
5523,128
5524,780
5525,1469
5526,1469
5527,1471
5528,684
5529,11
5530,11
5531,200
5532,71
5533,1472
5534,1138
5535,1138
5536,1275
5537,294
5538,1473
5539,75
5540,102
5541,1474
5542,1124
5543,1475
5544,1430
5545,494
5546,1446
5547,1476
5548,447
5549,1209
5550,1477
5551,149
5552,1478
5553,1479
5554,487
5555,1438
5556,1438
5557,1154
5558,1480
5559,1480
5560,1481
5561,797
5562,232
5563,122
5564,91
5565,107
5566,1093
5567,743
5568,110
5569,68
5570,1153
5571,68
5572,68
5573,33
5574,54
5575,59
5576,356
5577,288
5578,227
5579,227
5580,56
5581,56
5582,56
5583,489
5584,56
5585,1482
5586,1483
5587,1483
5588,1484
5589,151
5590,297
5591,297
5592,30
5593,476
5594,171
5595,434
5596,1006
5597,771
5598,34
5599,698
5600,232
5601,144
5602,1485
5603,301
5604,301
5605,185
5606,185
5607,185
5608,185
5609,1486
5610,1487
5611,181
5612,82
5613,596
5614,319
5615,171
5616,23
5617,353
5618,729
5619,1488
5620,1489
5621,581
5622,1490
5623,273
5624,229
5625,281
5626,360
5627,1491
5628,11
5629,56
5630,283
5631,181
5632,11
5633,170
5634,11
5635,227
5636,33
5637,667
5638,160
5639,160
5640,107
5641,336
5642,324
5643,56
5644,323
5645,33
5646,146
5647,510
5648,33
5649,140
5650,1492
5651,792
5652,264
5653,1494
5654,140
5655,246
5656,1016
5657,702
5658,268
5659,1495
5660,192
5661,1496
5662,33
5663,1496
5664,210
5665,181
5666,181
5667,815
5668,794
5669,1497
5670,64
5671,84
5672,160
5673,74
5674,27
5675,210
5676,168
5677,30
5678,160
5679,91
5680,91
5681,91
5682,91
5683,91
5684,12
5685,686
5686,686
5687,686
5688,1498
5689,1499
5690,134
5691,421
5692,292
5693,570
5694,213
5695,443
5696,160
5697,324
5698,1137
5699,1500
5700,68
5701,168
5702,879
5703,1502
5704,74
5705,1503
5706,1504
5707,68
5708,33
5709,656
5710,473
5711,212
5712,33
5713,33
5714,1000
5715,55
5716,1505
5717,246
5718,1506
5719,505
5720,367
5721,160
5722,1233
5723,260
5724,494
5725,135
5726,135
5727,1098
5728,135
5729,135
5730,1505
5731,135
5732,135
5733,1507
5734,1508
5735,1509
5736,209
5737,324
5738,1154
5739,56
5740,1510
5741,1511
5742,209
5743,209
5744,1512
5745,227
5746,1093
5747,1513
5748,1514
5749,54
5750,59
5751,395
5752,62
5753,62
5754,62
5755,140
5756,54
5757,54
5758,1093
5759,104
5760,104
5761,168
5762,1515
5763,49
5764,608
5765,1516
5766,213
5767,67
5768,1516
5769,502
5770,2
5771,287
5772,1137
5773,1517
5774,1137
5775,165
5776,165
5777,31
5778,1518
5779,1519
5780,44
5781,27
5782,1520
5783,24
5784,68
5785,64
5786,64
5787,64
5788,1521
5789,75
5790,104
5791,1522
5792,104
5793,1523
5794,192
5795,1524
5796,1525
5797,619
5798,56
5799,1526
5800,261
5801,1527
5802,1528
5803,324
5804,129
5805,281
5806,62
5807,33
5808,362
5809,122
5810,835
5811,786
5812,1454
5813,1416
5814,1424
5815,181
5816,641
5817,861
5818,1529
5819,1530
5820,1531
5821,287
5822,1533
5823,1534
5824,1534
5825,130
5826,190
5827,190
5828,144
5829,144
5830,1535
5831,190
5832,1536
5833,319
5834,1444
5835,33
5836,33
5837,33
5838,160
5839,361
5840,1133
5841,1133
5842,1133
5843,1537
5844,34
5845,192
5846,702
5847,702
5848,165
5849,1538
5850,190
5851,421
5852,1539
5854,401
5855,54
5856,83
5857,1540
5858,1086
5859,209
5860,1541
5861,1542
5862,346
5863,756
5864,1543
5865,11
5866,1275
5867,281
5868,83
5869,759
5870,596
5871,83
5872,596
5873,54
5874,59
5875,54
5876,123
5877,364
5878,1544
5879,489
5880,33
5881,72
5882,1545
5883,1275
5884,54
5885,882
5886,140
5887,1546
5888,140
5889,1546
5890,209
5891,426
5892,140
5893,54
5894,134
5895,134
5896,134
5897,134
5898,151
5899,64
5900,54
5901,596
5902,1376
5903,151
5904,54
5905,54
5906,54
5907,1016
5908,1547
5909,1375
5910,584
5911,584
5912,584
5913,165
5914,165
5915,164
5916,164
5917,1302
5918,166
5919,1548
5920,161
5921,584
5922,100
5923,584
5924,584
5925,1137
5926,1548
5927,130
5928,135
5929,584
5930,584
5931,494
5932,584
5933,584
5934,970
5935,134
5936,395
5937,1549
5938,91
5939,91
5940,1550
5941,91
5942,786
5943,134
5944,134
5945,102
5946,416
5947,102
5948,102
5949,102
5950,55
5951,91
5952,7
5953,1551
5954,1362
5955,62
5956,1552
5957,720
5958,68
5959,27
5960,110
5961,1553
5962,107
5963,1007
5964,1554
5965,1112
5966,171
5968,130
5970,1112
5972,897
5973,1137
5974,897
5975,1137
5976,1137
5977,1137
5978,1136
5980,1555
5981,64
5982,33
5983,283
5984,78
5985,579
5986,612
5987,897
5988,1139
5989,1139
5990,776
5991,1139
5992,1137
5993,1556
5994,1137
5995,1137
5996,33
5997,513
5998,514
5999,68
6000,1556
6001,1556
6002,763
6003,763
6004,160
6005,763
6006,160
6007,160
6008,1557
6009,34
6010,111
6011,869
6012,5
6013,213
6014,505
6015,288
6016,288
6017,59
6018,109
6019,232
6020,710
6021,191
6022,1346
6023,1160
6024,266
6025,1558
6026,1559
6027,160
6028,1311
6029,11
6030,130
6031,1560
6032,1561
6033,336
6034,100
6035,143
6036,1017
6037,68
6038,49
6039,609
6040,1564
6041,56
6042,707
6043,75
6044,1400
6045,720
6046,720
6047,678
6048,113
6049,151
6050,423
6051,78
6052,117
6053,1222
6054,492
6055,30
6056,492
6057,654
6058,287
6059,458
6060,55
6061,581
6062,371
6063,1567
6064,1568
6065,54
6066,171
6067,48
6068,48
6069,56
6070,889
6071,33
6072,1569
6073,62
6074,140
6075,1570
6076,1571
6077,52
6078,96
6079,129
6080,96
6081,1572
6082,1315
6083,59
6084,59
6085,1573
6086,292
6087,1574
6088,1575
6089,11
6090,324
6091,740
6092,172
6093,172
6094,172
6095,172
6096,172
6097,172
6098,172
6099,1272
6100,584
6101,874
6102,584
6103,135
6104,584
6105,937
6106,1137
6107,584
6108,455
6109,55
6110,514
6111,192
6112,1576
6113,10
6114,514
6115,745
6116,672
6117,1577
6118,181
6119,134
6120,777
6121,777
6122,1578
6123,609
6124,609
6125,609
6126,486
6127,381
6128,102
6129,494
6130,161
6131,161
6132,82
6133,454
6134,72
6135,895
6136,62
6137,265
6138,1579
6139,111
6140,1580
6141,27
6142,101
6143,178
6144,1061
6145,235
6146,1581
6147,300
6148,160
6149,49
6150,298
6151,324
6152,1401
6153,129
6154,323
6155,1284
6156,27
6157,321
6158,1582
6159,1583
6160,11
6161,1584
6162,111
6163,1124
6164,1124
6165,1124
6166,1124
6167,123
6168,181
6169,1585
6170,1586
6171,1192
6172,9
6173,33
6174,1124
6175,1587
6176,686
6177,394
6178,1468
6179,102
6180,222
6181,341
6182,168
6183,1588
6184,346
6185,1589
6186,319
6187,134
6188,496
6189,164
6190,165
6191,213
6192,44
6193,44
6194,44
6195,1590
6196,48
6197,213
6198,977
6199,309
6200,309
6201,341
6202,1591
6203,222
6204,1592
6205,341
6206,102
6207,906
6208,1315
6209,1593
6210,56
6211,667
6212,346
6213,56
6214,410
6215,473
6216,1594
6217,56
6218,107
6219,140
6220,232
6221,609
6222,294
6223,33
6224,33
6225,33
6226,33
6227,33
6228,33
6229,33
6230,33
6231,33
6232,112
6233,59
6234,177
6235,859
6236,178
6237,96
6238,178
6239,66
6240,443
6241,1490
6242,1465
6243,820
6244,1595
6245,1596
6246,1597
6247,426
6248,720
6249,384
6250,84
6251,1522
6252,84
6253,1598
6254,1269
6255,11
6256,11
6257,11
6258,11
6259,11
6260,1599
6261,168
6262,89
6263,89
6264,68
6265,1600
6266,195
6267,195
6268,1601
6269,323
6270,1602
6271,1603
6272,1602
6273,1604
6274,1605
6275,1606
6276,827
6277,241
6278,151
6279,993
6280,288
6281,766
6282,1607
6283,766
6284,76
6285,766
6286,440
6287,1109
6288,68
6289,540
6290,43
6291,61
6292,1608
6293,192
6294,420
6295,500
6296,228
6297,48
6298,1426
6299,1609
6300,861
6301,11
6303,1609
6304,1609
6305,33
6306,1610
6307,672
6308,261
6309,1611
6310,324
6311,630
6312,874
6313,1612
6314,56
6315,33
6316,759
6317,485
6318,171
6319,1613
6320,171
6321,171
6322,171
6323,171
6324,171
6325,1614
6326,371
6327,55
6328,679
6329,190
6330,1615
6331,1615
6332,443
6333,1138
6334,1138
6335,864
6336,581
6337,1138
6338,705
6339,705
6340,705
6341,705
6342,1138
6343,630
6344,421
6345,1040
6346,1616
6347,190
6348,11
6349,190
6350,11
6351,581
6352,190
6353,584
6354,276
6355,1154
6356,1154
6357,1154
6358,96
6359,11
6360,1617
6361,190
6362,134
6363,1617
6364,190
6365,190
6366,495
6367,276
6368,1125
6369,1125
6370,1125
6371,1618
6372,494
6373,135
6374,135
6375,135
6376,135
6377,161
6378,135
6379,276
6380,1619
6381,1617
6382,581
6384,341
6385,581
6387,1619
6388,491
6389,54
6390,168
6391,227
6392,68
6393,227
6394,192
6395,54
6396,54
6397,1620
6398,1620
6399,170
6400,1620
6401,140
6402,893
6403,1350
6404,1350
6405,1350
6406,893
6407,261
6408,91
6409,354
6410,1621
6411,1622
6412,1623
6413,61
6414,134
6415,61
6416,324
6417,324
6418,61
6419,324
6420,354
6421,324
6422,134
6423,1592
6424,1621
6425,1624
6426,134
6427,134
6428,166
6429,324
6430,134
6431,1622
6432,324
6433,1592
6434,354
6435,1592
6436,441
6437,134
6438,1625
6439,61
6440,1625
6441,341
6442,134
6443,435
6444,1592
6445,842
6446,91
6447,1626
6448,221
6449,1627
6450,275
6451,134
6452,154
6453,1628
6454,1629
6455,1404
6456,75
6457,54
6458,59
6459,1630
6460,765
6461,124
6462,84
6463,1632
6464,107
6465,300
6466,975
6467,1265
6468,1021
6469,27
6470,1633
6471,261
6472,140
6473,1634
6474,1635
6475,370
6476,626
6477,168
6478,107
6479,597
6480,1636
6481,56
6482,1637
6483,597
6484,1638
6485,283
6486,54
6487,129
6488,745
6489,240
6490,361
6491,114
6492,139
6493,283
6494,1639
6495,500
6496,170
6497,169
6498,170
6499,1305
6500,170
6501,520
6502,170
6503,1640
6504,454
6505,294
6506,1641
6507,1643
6508,294
6509,227
6510,56
6511,1644
6512,1645
6513,64
6514,117
6515,1645
6516,1645
6517,33
6518,346
6519,181
6520,9
6521,171
6522,1502
6523,23
6524,281
6525,114
6526,56
6527,114
6528,54
6529,56
6530,1646
6531,30
6532,722
6533,722
6534,1647
6535,160
6536,1648
6537,361
6538,686
6539,686
6540,686
6541,679
6542,686
6543,1649
6544,117
6545,155
6546,12
6547,644
6548,1650
6549,33
6550,1294
6551,9
6552,9
6553,9
6554,9
6555,1538
6556,1651
6557,111
6558,111
6559,111
6560,1652
6561,361
6562,170
6563,104
6564,218
6565,56
6566,56
6567,107
6568,1653
6569,786
6570,1654
6571,102
6572,102
6573,786
6574,741
6575,1655
6576,1656
6577,1657
6578,1124
6579,158
6580,1093
6581,1658
6582,448
6583,12
6584,11
6585,1659
6586,624
6587,68
6588,62
6589,962
6590,56
6591,1660
6592,75
6593,9
6594,62
6595,75
6596,64
6597,134
6598,1661
6599,489
6600,9
6601,9
6602,9
6603,107
6604,281
6605,9
6606,97
6607,9
6608,1662
6609,1663
6610,56
6611,33
6612,1664
6613,410
6614,656
6615,686
6616,686
6617,1170
6618,1170
6619,140
6620,56
6621,1665
6622,11
6623,11
6624,11
6625,11
6626,11
6627,421
6628,1666
6629,113
6630,535
6631,922
6632,139
6633,894
6634,324
6635,324
6636,10
6637,644
6638,644
6639,644
6640,288
6641,56
6642,283
6643,151
6644,54
6645,288
6646,766
6647,644
6648,134
6649,222
6650,1667
6651,1668
6652,30
6653,710
6654,55
6655,1669
6656,55
6657,55
6658,454
6659,55
6660,1378
6661,471
6662,276
6663,41
6664,10
6665,7
6666,506
6667,11
6668,1670
6669,11
6670,945
6671,506
6672,443
6673,552
6674,27
6675,771
6676,1671
6677,751
6678,581
6679,44
6680,771
6681,1672
6682,27
6683,27
6684,166
6685,656
6686,166
6687,656
6688,656
6689,656
6690,931
6691,656
6692,656
6693,322
6694,678
6695,678
6696,751
6697,27
6698,9
6699,1054
6700,609
6701,139
6702,56
6703,140
6704,56
6705,105
6706,225
6707,215
6708,1401
6709,287
6710,1673
6711,287
6712,287
6713,0
6714,160
6715,369
6716,122
6717,55
6718,11
6719,122
6720,63
6721,447
6722,55
6723,10
6724,1674
6725,151
6726,1386
6727,324
6728,83
6729,972
6730,500
6731,1675
6732,104
6733,106
6734,106
6735,581
6736,59
6737,1676
6738,54
6739,1135
6740,823
6741,948
6742,80
6743,609
6744,80
6745,33
6746,140
6747,1677
6748,54
6749,62
6750,1416
6751,56
6752,922
6753,54
6754,543
6755,134
6756,759
6757,698
6758,49
6759,1678
6760,33
6761,1679
6762,1680
6763,751
6764,667
6765,102
6766,151
6767,1277
6768,1257
6769,1257
6770,145
6771,160
6772,1257
6773,1401
6774,294
6775,725
6776,1257
6777,1257
6778,54
6779,151
6780,1257
6781,192
6782,151
6783,104
6784,34
6785,796
6786,168
6787,62
6788,227
6789,227
6790,1170
6791,192
6792,993
6793,1520
6794,1257
6795,67
6796,1265
6797,1257
6798,34
6799,151
6800,1257
6801,169
6802,67
6803,56
6804,151
6805,1257
6806,34
6807,151
6808,1076
6809,111
6810,151
6811,55
6812,104
6813,160
6814,10
6815,52
6816,491
6817,218
6818,491
6819,491
6820,31
6821,491
6822,172
6823,172
6824,1681
6825,1681
6826,1681
6827,1681
6828,1681
6829,1681
6830,1681
6831,1681
6832,799
6833,1169
6834,922
6835,107
6836,54
6837,54
6838,1683
6839,62
6840,160
6841,151
6842,151
6843,151
6844,751
6845,11
6846,181
6847,181
6848,1100
6849,506
6850,506
6851,1591
6852,506
6853,506
6854,506
6855,506
6856,1591
6857,33
6858,386
6859,1089
6860,1685
6861,1089
6862,1089
6863,1686
6864,1687
6865,171
6866,161
6867,161
6868,558
6869,1688
6870,666
6871,1689
6872,1688
6873,130
6874,96
6875,172
6876,172
6877,1690
6878,59
6879,1311
6880,698
6881,1268
6882,11
6883,307
6884,135
6885,11
6886,11
6887,1591
6888,1691
6889,11
6890,102
6891,526
6892,1346
6893,11
6894,722
6895,160
6896,1692
6897,64
6898,1693
6899,1124
6900,96
6901,1124
6902,34
6903,774
6904,506
6905,1694
6906,134
6907,393
6908,100
6909,100
6910,100
6911,100
6912,168
6913,68
6914,1695
6915,56
6916,491
6917,1505
6918,78
6919,1696
6920,1697
6921,122
6922,122
6923,1270
6924,1080
6925,1698
6926,105
6927,1699
6928,67
6929,144
6930,506
6931,1700
6932,134
6933,581
6934,581
6935,134
6936,435
6937,581
6938,581
6939,166
6940,190
6941,581
6942,581
6943,134
6944,581
6945,134
6946,134
6947,581
6948,190
6949,1701
6950,581
6951,44
6952,181
6953,258
6954,210
6955,181
6956,7
6957,195
6958,837
6961,307
6964,222
6966,922
6967,190
6968,1702
6969,122
6970,581
6971,129
6972,364
6973,583
6974,166
6975,134
6976,134
6977,105
6978,33
6979,83
6980,123
6981,410
6982,84
6983,288
6984,1704
6985,363
6986,84
6987,445
6988,102
6989,882
6990,33
6991,114
6992,54
6993,59
6994,1705
6995,1706
6996,54
6997,571
6998,1707
6999,102
7000,56
7001,915
7002,190
7003,1032
7004,1032
7005,171
7006,135
7007,494
7008,102
7009,1708
7010,283
7011,105
7012,7
7013,460
7014,311
7015,1709
7016,55
7017,581
7018,44
7019,1303
7020,55
7021,681
7022,64
7023,285
7024,698
7025,1710
7026,437
7027,33
7028,7
7029,489
7030,925
7031,1711
7032,1669
7033,1712
7034,1713
7035,31
7036,283
7037,1714
7038,5
7039,1311
7040,1537
7041,114
7042,213
7043,289
7044,759
7045,38
7046,309
7047,54
7048,140
7049,54
7050,1715
7051,56
7052,105
7053,194
7054,1716
7055,558
7056,134
7057,1717
7058,283
7059,1718
7060,1719
7061,1718
7062,55
7063,283
7064,283
7065,1718
7066,181
7067,1720
7068,1163
7069,1721
7070,64
7071,64
7072,75
7073,56
7074,56
7075,558
7076,300
7077,171
7078,130
7079,197
7080,122
7081,11
7082,1722
7083,1723
7084,1091
7085,1724
7086,33
7087,7
7088,268
7089,54
7090,395
7091,676
7092,676
7093,676
7094,676
7095,87
7096,146
7097,129
7098,1416
7099,1725
7100,1093
7101,1726
7102,283
7103,56
7104,140
7105,444
7106,328
7107,10
7108,287
7109,475
7110,786
7111,11
7112,1727
7113,1728
7114,68
7115,654
7116,89
7117,62
7118,1080
7119,62
7120,292
7121,292
7122,253
7123,105
7124,584
7125,872
7126,1730
7127,709
7128,62
7129,182
7130,1731
7131,57
7132,54
7133,104
7134,1732
7135,364
7136,62
7137,140
7138,1734
7139,62
7140,1735
7141,709
7142,1080
7143,493
7144,33
7145,168
7146,134
7147,569
7148,1736
7149,122
7150,123
7151,1737
7152,195
7153,1738
7154,479
7155,751
7156,48
7157,1739
7158,176
7159,1740
7160,745
7161,660
7162,33
7163,117
7164,1741
7165,763
7166,181
7167,1742
7168,1742
7169,1416
7170,1416
7171,1416
7172,27
7173,1742
7174,1416
7175,1416
7176,582
7177,505
7178,353
7179,505
7180,141
7181,74
7182,171
7183,68
7184,74
7185,1743
7186,10
7187,1746
7188,123
7189,1747
7190,1091
7191,123
7192,823
7193,100
7194,475
7195,519
7196,56
7197,519
7198,519
7199,519
7200,519
7201,519
7202,519
7203,519
7204,519
7205,60
7206,421
7207,56
7208,67
7209,56
7210,102
7211,67
7212,59
7213,34
7214,10
7215,1748
7216,44
7217,44
7218,481
7219,774
7220,774
7221,44
7222,44
7223,1749
7224,1748
7225,33
7226,661
7227,33
7228,33
7229,33
7230,518
7231,44
7232,130
7233,1750
7234,72
7235,1505
7236,395
7237,381
7238,106
7239,307
7240,441
7241,1417
7242,61
7243,307
7244,72
7245,443
7246,33
7247,117
7248,129
7249,1751
7250,1752
7251,859
7252,1093
7253,580
7254,201
7255,852
7256,644
7257,644
7258,644
7259,1753
7260,1592
7261,1592
7262,1754
7263,644
7264,285
7265,1755
7266,1756
7267,179
7268,10
7269,1757
7270,520
7271,10
7272,1404
7273,660
7274,514
7275,324
7276,324
7277,324
7278,324
7279,967
7280,441
7281,1758
7282,967
7283,33
7284,1759
7285,1137
7286,1394
7287,102
7288,1760
7289,106
7290,1761
7291,1762
7292,1201
7293,62
7294,1763
7295,1093
7296,33
7297,401
7298,33
7299,129
7300,1764
7301,645
7302,1765
7303,160
7304,212
7305,272
7306,229
7307,232
7308,328
7309,123
7310,123
7311,1766
7312,123
7313,64
7314,1466
7315,438
7316,471
7317,64
7318,1767
7319,106
7320,123
7321,360
7322,59
7323,114
7324,751
7325,213
7326,59
7327,213
7328,1344
7329,270
7330,4
7331,92
7332,62
7333,151
7334,229
7335,364
7336,283
7337,489
7338,743
7339,395
7340,395
7341,1768
7342,725
7343,1768
7344,1757
7345,644
7346,644
7347,1093
7348,213
7349,213
7350,1769
7351,1288
7352,56
7353,1770
7354,56
7355,421
7356,1749
7357,497
7358,1771
7359,1772
7360,1773
7361,1272
7362,1774
7363,10
7364,1432
7365,646
7366,319
7367,1775
7368,772
7369,98
7370,98
7371,767
7372,112
7373,850
7374,506
7375,506
7376,852
7377,506
7378,16
7379,1776
7380,766
7381,96
7382,1530
7383,96
7384,96
7385,96
7386,96
7387,96
7388,1777
7389,364
7390,283
7391,160
7392,102
7393,172
7394,172
7395,670
7396,192
7397,33
7398,227
7399,114
7400,33
7401,324
7402,33
7403,33
7404,33
7405,1161
7406,33
7407,1778
7408,209
7409,707
7411,707
7412,171
7418,853
7421,243
7422,707
7424,814
7426,767
7427,1133
7428,385
7430,72
7432,171
7433,1779
7434,27
7435,1188
7437,171
7438,491
7439,1096
7440,1780
7441,53
7442,581
7443,1007
7444,309
7445,1781
7446,609
7447,190
7448,129
7449,1782
7450,104
7451,1783
7452,421
7453,46
7454,11
7455,1784
7456,1785
7457,1786
7458,1787
7459,1138
7460,584
7461,748
7462,24
7463,309
7464,11
7465,10
7466,766
7467,374
7468,275
7469,1788
7470,41
7471,1264
7472,1145
7473,1416
7474,1509
7475,55
7476,469
7477,1416
7478,91
7479,91
7480,102
7481,134
7482,1749
7483,1789
7484,970
7486,97
7487,218
7488,44
7489,394
7490,1790
7491,1559
7492,584
7493,1791
7494,11
7495,1792
7496,102
7497,5
7498,1404
7499,827
7500,100
7501,506
7502,1793
7503,1619
7504,1794
7505,1133
7506,1795
7507,130
7508,1091
7509,1091
7510,1796
7511,1394
7512,194
7513,102
7514,102
7515,1466
7516,1797
7517,1798
7518,134
7519,330
7520,134
7521,151
7522,11
7523,1354
7524,168
7525,1799
7526,5
7527,5
7528,5
7529,5
7530,324
7531,5
7532,100
7533,481
7534,869
7535,101
7536,5
7537,874
7538,5
7539,102
7540,434
7541,101
7542,222
7543,5
7544,54
7545,1800
7546,1801
7547,283
7548,139
7549,79
7550,862
7551,44
7552,1133
7553,709
7554,57
7555,1802
7556,1803
7557,1042
7558,134
7559,141
7560,141
7561,1804
7562,292
7563,1805
7564,91
7565,1726
7566,127
7567,127
7568,235
7569,745
7570,1806
7571,1807
7572,135
7573,1808
7574,1809
7575,123
7576,686
7577,374
7578,619
7579,1029
7580,64
7581,977
7582,181
7583,1445
7584,102
7585,134
7586,796
7587,796
7588,1287
7589,1099
7590,100
7591,100
7592,5
7593,475
7594,100
7595,1093
7596,475
7597,100
7598,100
7599,674
7600,796
7601,475
7602,100
7603,823
7604,674
7605,475
7606,674
7607,100
7608,100
7609,475
7610,287
7611,475
7612,475
7613,506
7614,796
7615,674
7616,156
7617,497
7618,475
7619,1810
7620,796
7621,475
7622,475
7623,100
7624,354
7625,94
7626,1192
7627,1139
7628,1139
7629,947
7630,170
7631,322
7632,1811
7633,703
7634,690
7635,690
7636,181
7637,1015
7638,1299
7639,1093
7640,174
7641,1307
7642,1812
7643,1813
7644,157
7645,1814
7646,144
7647,232
7648,195
7649,745
7650,1815
7651,12
7652,1816
7653,123
7654,1055
7655,174
7656,107
7657,33
7658,64
7659,1817
7660,55
7661,7
7662,1683
7663,1554
7664,904
7665,1378
7666,49
7667,123
7668,225
7669,49
7670,1818
7671,287
7672,522
7673,522
7674,609
7675,1819
7676,5
7677,1820
7678,59
7679,1061
7680,1061
7681,1061
7682,970
7683,395
7684,395
7685,1192
7686,823
7687,1821
7688,172
7689,161
7690,564
7691,161
7692,1445
7693,1091
7694,1091
7695,1091
7696,1124
7697,939
7698,612
7699,572
7700,319
7701,319
7702,234
7703,970
7704,68
7705,68
7706,329
7707,804
7708,1822
7709,678
7710,678
7711,443
7712,160
7713,281
7714,160
7715,410
7716,1823
7717,33
7718,1825
7719,222
7720,33
7721,76
7722,33
7723,33
7724,135
7725,319
7726,319
7727,319
7728,514
7729,514
7730,1826
7731,558
7732,443
7733,1827
7734,1137
7735,1137
7736,897
7737,1137
7738,1556
7739,1137
7740,161
7741,1591
7742,1592
7743,161
7744,161
7745,1754
7746,1089
7747,381
7748,134
7749,1505
7750,1505
7751,323
7752,117
7753,261
7754,1828
7755,751
7756,261
7757,778
7758,1829
7759,55
7760,56
7761,68
7762,288
7763,479
7764,11
7765,100
7766,100
7767,1830
7768,100
7769,1831
7770,106
7771,106
7772,106
7773,1158
7774,1832
7775,1833
7776,1834
7777,1043
7778,59
7780,1835
7781,1835
7782,1835
7783,1835
7784,1835
7785,319
7786,151
7787,581
7788,1417
7789,1836
7790,105
7791,151
7792,1837
7793,1714
7794,519
7795,1838
7796,150
7797,142
7798,122
7799,288
7800,283
7801,1000
7802,56
7803,56
7804,61
7805,1394
7806,61
7807,1447
7808,1592
7809,434
7810,1394
7811,97
7812,609
7813,80
7814,186
7815,106
7816,106
7817,130
7818,106
7819,106
7820,773
7821,761
7822,171
7823,1840
7824,212
7825,1841
7826,1091
7827,1842
7828,151
7829,62
7830,62
7831,514
7832,1612
7833,1843
7834,638
7835,1844
7836,133
7837,34
7838,1288
7839,1612
7840,519
7841,1845
7842,171
7843,130
7844,171
7845,171
7846,1846
7847,1847
7848,395
7849,1761
7850,653
7851,1848
7852,401
7853,33
7854,1093
7855,1495
7856,1849
7857,1849
7858,1849
7859,1849
7860,1849
7861,56
7862,574
7863,1053
7864,33
7865,1850
7866,1393
7867,1275
7868,558
7869,161
7870,161
7871,161
7872,1851
7873,161
7874,161
7875,9
7876,751
7877,4
7878,97
7879,506
7880,261
7881,1852
7882,1853
7883,134
7884,134
7885,336
7886,336
7887,336
7888,336
7889,336
7890,336
7891,56
7892,1854
7893,62
7894,862
7895,862
7896,106
7897,1395
7898,497
7899,712
7900,1855
7901,261
7902,708
7903,274
7904,309
7905,215
7906,581
7907,309
7908,91
7909,581
7910,1416
7911,764
7912,1856
7913,751
7914,914
7915,1857
7916,161
7917,552
7918,1858
7919,97
7920,1859
7921,1432
7922,171
7923,171
7924,171
7925,171
7926,1860
7927,1861
7928,1862
7929,160
7930,54
7931,129
7932,114
7933,64
7934,54
7935,232
7936,645
7937,25
7938,1863
7939,544
7940,1864
7941,421
7942,111
7943,56
7944,1865
7945,166
7946,1866
7947,34
7948,1867
7949,392
7950,1032
7951,1868
7952,111
7953,62
7954,212
7955,360
7956,640
7957,962
7958,76
7959,374
7960,151
7961,581
7962,220
7963,276
7964,140
7965,54
7966,60
7967,84
7968,709
7969,111
7970,10
7971,1869
7972,11
7973,587
7974,33
7975,1870
7976,698
7977,0
7978,1871
7979,537
7980,1553
7981,893
7982,644
7983,91
7984,712
7985,636
7986,1872
7987,140
7988,1873
7989,847
7990,1874
7991,161
7992,993
7993,445
7994,395
7995,395
7996,920
7997,139
7998,698
7999,171
8000,822
8001,130
8002,705
8003,1875
8004,57
8005,639
8006,236
8007,4
8008,160
8009,171
8010,1876
8011,102
8012,540
8013,581
8014,581
8015,1877
8016,581
8017,102
8018,47
8019,1878
8020,56
8021,210
8022,210
8023,16
8024,835
8025,244
8026,59
8027,873
8028,1879
8029,18
8030,110
8031,236
8032,1781
8033,171
8034,1880
8035,68
8036,300
8037,326
8038,174
8039,1881
8040,421
8041,1882
8042,62
8043,232
8044,232
8045,104
8046,62
8047,1883
8048,1884
8049,1885
8050,1394
8051,165
8052,1886
8053,1887
8054,2
8055,1801
8056,1668
8057,102
8058,160
8059,102
8060,1888
8061,199
8062,1863
8063,123
8064,461
8065,272
8066,895
8067,49
8068,33
8069,215
8070,713
8071,1163
8072,1889
8073,1889
8074,25
8075,25
8076,339
8077,215
8078,1124
8079,370
8080,1890
8081,192
8082,210
8083,232
8084,232
8085,678
8086,54
8087,140
8088,56
8089,110
8090,197
8091,1891
8092,1892
8093,1196
8094,1893
8095,1894
8096,23
8097,1895
8098,1465
8099,1287
8100,1896
8101,1479
8102,922
8103,283
8104,288
8105,241
8106,192
8107,130
8108,1897
8109,221
8110,146
8111,1616
8112,1616
8113,86
8114,1855
8115,1855
8116,835
8117,1062
8118,1898
8119,835
8120,1062
8121,1899
8122,1900
8123,1430
8124,722
8125,1315
8126,1315
8127,1901
8128,33
8129,181
8130,1902
8131,72
8132,1903
8133,1903
8134,1089
8135,195
8136,33
8137,33
8138,33
8139,171
8140,64
8141,1904
8142,33
8143,33
8144,25
8145,479
8146,479
8147,479
8148,640
8149,1348
8150,285
8151,932
8152,166
8153,166
8154,166
8155,166
8157,1905
8158,171
8159,161
8160,134
8161,134
8162,166
8163,166
8164,134
8165,166
8166,134
8167,1281
8168,474
8169,354
8170,258
8171,1906
8172,161
8173,581
8174,161
8175,1907
8176,543
8177,1908
8178,203
8179,1287
8180,166
8181,166
8182,166
8183,1909
8184,101
8185,2
8186,79
8187,59
8188,79
8189,79
8190,443
8191,68
8192,48
8193,256
8194,1679
8195,1910
8196,285
8197,427
8198,140
8199,875
8200,856
8201,311
8202,1255
8203,105
8204,446
8205,872
8206,366
8207,2
8208,366
8209,1756
8210,123
8211,792
8212,443
8213,421
8214,11
8215,644
8216,459
8217,102
8218,322
8219,300
8220,56
8221,288
8222,56
8223,1505
8224,54
8225,59
8226,1911
8227,82
8228,974
8229,1912
8230,1913
8231,1914
8232,678
8233,1509
8234,56
8235,33
8236,1915
8237,1806
8238,287
8239,827
8240,1916
8241,287
8242,195
8243,1917
8244,287
8245,186
8246,421
8247,786
8248,1445
8249,522
8250,1918
8251,287
8252,171
8253,1246
8254,287
8255,287
8256,287
8257,330
8258,1919
8259,123
8260,151
8261,1404
8262,33
8263,169
8264,221
8265,210
8266,324
8267,44
8268,222
8269,324
8270,276
8271,528
8272,210
8273,33
8274,319
8275,255
8276,12
8277,49
8278,123
8279,24
8280,11
8281,261
8282,74
8283,59
8284,74
8285,1235
8286,1920
8287,203
8288,55
8289,141
8290,298
8291,1922
8292,1923
8293,1219
8294,256
8295,1924
8296,1925
8297,826
8298,820
8299,1343
8300,506
8301,644
8302,421
8303,421
8304,1926
8305,644
8306,644
8307,421
8308,644
8309,34
8310,2
8311,1927
8312,1928
8313,581
8314,1311
8315,581
8316,1929
8317,581
8318,581
8319,190
8320,1930
8321,581
8322,1931
8323,195
8324,1311
8325,1311
8326,1311
8327,1311
8328,1311
8329,1311
8330,1932
8331,1311
8332,1933
8333,123
8334,1091
8335,1091
8336,1934
8337,1091
8338,1344
8339,1287
8340,1287
8341,135
8342,74
8343,924
8344,135
8345,135
8346,766
8347,1672
8348,135
8349,609
8350,149
8351,160
8352,354
8353,861
8354,354
8355,1848
8356,1516
8357,1935
8358,107
8359,75
8360,644
8361,644
8362,443
8363,474
8364,504
8365,504
8366,504
8367,935
8368,504
8369,504
8370,1029
8371,882
8372,176
8373,222
8374,78
8375,56
8376,56
8377,56
8378,255
8379,235
8380,96
8381,1936
8382,1937
8383,1937
8384,808
8385,420
8386,1093
8387,479
8388,479
8389,80
8390,80
8391,18
8392,76
8393,76
8394,76
8395,76
8396,33
8397,33
8398,1362
8399,161
8400,161
8401,434
8402,434
8403,1781
8404,1316
8405,514
8406,2
8407,9
8408,171
8409,346
8410,59
8411,1674
8412,275
8413,275
8414,324
8415,704
8416,1416
8417,86
8418,68
8419,68
8420,68
8421,380
8422,68
8423,68
8424,7
8425,687
8426,609
8427,1938
8428,80
8429,609
8430,609
8431,394
8432,9
8433,1939
8434,54
8435,1879
8436,321
8437,322
8438,322
8439,1547
8440,59
8441,11
8442,11
8443,639
8444,151
8445,129
8446,546
8447,486
8448,56
8449,92
8450,1940
8451,33
8452,33
8453,213
8454,33
8455,372
8456,56
8457,1431
8458,645
8459,171
8460,141
8461,111
8462,395
8463,210
8464,140
8465,133
8467,1865
8468,1865
8469,146
8470,171
